arm,rep,problem,solved,proof_lines,proof_decls,checks_pre_nudge,end,nudges,gave_up,ever_green_full,cost_full_first_green,spend_full,turns,turns_full,tokens_in_full,tokens_out_full,tokens_cache_read_full,lean_check,check_snippet,grep_mathlib,search_mathlib,read,write,edit,spawn_calls,workers,worker_spend,add_fact,add_fact_workers,compactions,compactions_full
base,1,fatex_1,1,284,9,17,completed,0,0,1,0.05927,0.06063,42,42,34230,161278,3812736,17,0,0,0,13,1,13,0,0,0.00000,0,0,0,0
base,1,fatex_3,1,612,16,37,completed,0,0,1,0.13669,0.14172,89,89,85123,302336,16123520,37,0,0,0,8,22,28,0,0,0.00000,0,0,0,0
base,1,fatex_4,1,1079,15,73,completed,0,0,1,0.58807,0.59300,255,255,283936,572811,140309248,73,0,0,0,73,15,94,0,0,0.00000,0,0,0,0
base,1,fatex_5,1,485,7,17,completed,0,0,1,0.12457,0.12697,57,57,71949,295724,12175616,17,0,0,0,22,15,2,0,0,0.00000,0,0,0,0
base,1,fatex_6,1,796,27,25,completed,1,0,1,0.19744,0.20748,71,74,119132,441314,24013312,25,0,0,0,16,24,5,0,0,0.00000,0,0,0,0
base,1,fatex_7,1,317,14,20,completed,1,0,1,0.10502,0.11261,54,58,97791,236713,11656832,20,0,0,0,10,20,3,0,0,0.00000,0,0,0,0
base,1,fatex_8,1,157,1,15,completed,0,0,1,0.04564,0.04712,44,44,80325,100780,2733696,15,0,0,0,13,9,8,0,0,0.00000,0,0,0,0
base,1,fatex_9,1,473,5,25,completed,1,0,1,0.29533,0.30955,96,100,143408,580679,45316352,25,0,0,0,17,18,34,0,0,0.00000,0,0,0,0
base,1,fatex_10,1,1532,49,73,completed,0,0,1,0.51601,0.53044,196,196,310496,686279,105288832,73,0,0,0,38,7,76,0,0,0.00000,0,0,0,0
base,1,fatex_11,1,595,24,30,completed,0,0,1,0.21107,0.22127,88,88,193829,390870,30247552,30,0,0,0,16,10,31,0,0,0.00000,0,0,0,0
base,1,fatex_12,1,794,59,40,completed,0,0,1,0.16041,0.16529,92,92,77104,354123,19763328,40,0,0,0,18,26,13,0,0,0.00000,0,0,0,0
base,1,fatex_14,1,134,1,16,completed,1,0,1,0.03544,0.03835,39,42,23118,94438,3095808,16,0,0,0,7,16,1,0,0,0.00000,0,0,0,0
base,1,fatex_16,1,820,14,69,completed,5,0,1,0.51248,0.53113,213,237,499440,655422,99174400,70,0,0,0,46,23,77,0,0,0.00000,0,0,1,1
base,1,fatex_17,0,,,66,budget_exceeded,1,0,0,,1.03572,350,350,632062,1551250,183173504,66,0,0,0,64,17,199,0,0,0.00000,0,0,1,1
base,1,fatex_18,0,,,149,budget_exceeded,1,1,0,,1.00141,417,449,607074,1090934,218200960,149,0,0,0,73,9,187,0,0,0.00000,0,0,1,1
base,1,fatex_19,1,2190,266,89,completed,3,0,1,0.70577,0.73747,289,302,582469,1105596,123698176,89,0,0,0,78,35,92,0,0,0.00000,0,0,1,1
base,1,fatex_20,0,,,123,budget_exceeded,5,1,0,,1.00033,312,363,563241,1403538,188745856,123,0,0,0,29,24,136,0,0,0.00000,0,0,1,2
base,1,fatex_21,1,330,3,33,completed,3,0,1,0.11798,0.13059,82,90,103588,245253,16936192,33,0,0,0,9,18,19,0,0,0.00000,0,0,0,0
base,1,fatex_22,1,533,9,21,completed,0,0,1,0.17094,0.17551,61,61,115428,403337,16578560,21,0,0,0,23,16,4,0,0,0.00000,0,0,0,0
base,1,fatex_24,1,1303,52,36,completed,1,0,1,0.51932,0.52445,127,127,274303,1064891,67099136,36,0,0,0,34,15,43,0,0,0.00000,0,0,0,0
base,1,fatex_25,0,,,96,budget_exceeded,1,1,0,,1.00080,236,449,591264,1277191,200144640,96,0,0,0,26,80,35,0,0,0.00000,0,0,0,1
base,1,fatex_26,0,,,177,budget_exceeded,1,0,0,,1.00140,415,415,435548,1621809,173683456,177,0,0,0,55,164,20,0,0,0.00000,0,0,1,1
base,1,fatex_27,0,,,77,budget_exceeded,0,0,0,,1.00126,361,361,866281,1221529,192124416,77,0,0,0,109,29,150,0,0,0.00000,0,0,2,2
base,1,fatex_28,0,,,86,completed,8,1,0,,0.46832,197,228,171252,598695,98825216,86,0,0,0,14,78,20,0,0,0.00000,0,0,0,0
base,1,fatex_29,1,114,1,23,completed,0,0,1,0.04860,0.05000,52,52,77137,107134,3286656,23,0,0,0,6,23,0,0,0,0.00000,0,0,0,0
base,1,fatex_30,1,184,2,10,completed,0,0,1,0.02495,0.02620,26,26,16821,74727,1043200,10,0,0,0,5,10,0,0,0,0.00000,0,0,0,0
base,1,fatex_31,0,,,163,budget_exceeded,0,0,0,,1.00222,460,460,466092,1057554,228875264,163,0,0,0,101,18,180,0,0,0.00000,0,0,1,1
base,1,fatex_32,0,,,96,budget_exceeded,1,1,0,,1.00151,219,431,537539,1265508,204253952,96,0,0,0,13,94,16,0,0,0.00000,0,0,0,1
base,1,fatex_33,0,,,75,completed,21,1,0,,0.88971,255,348,415610,1226686,174306176,75,0,0,0,13,121,46,0,0,0.00000,0,0,1,1
base,1,fatex_34,1,900,15,63,completed,0,0,1,0.43748,0.45266,199,199,201344,582685,93330048,63,0,0,0,44,5,89,0,0,0.00000,0,0,0,0
base,1,fatex_35,1,174,1,19,completed,0,0,1,0.04403,0.04548,46,46,54153,114480,2085504,19,0,0,0,10,2,17,0,0,0.00000,0,0,0,0
base,1,fatex_36,1,498,4,34,completed,4,0,1,0.20585,0.24000,101,117,204515,406080,34881664,34,0,0,0,27,22,15,0,0,0.00000,0,0,0,0
base,1,fatex_37,0,,,129,budget_exceeded,0,0,0,,1.00047,448,448,459808,1161072,218214272,129,0,0,0,74,11,240,0,0,0.00000,0,0,1,1
base,1,fatex_38,1,252,10,31,completed,1,0,1,0.16860,0.17743,70,73,117909,376914,19782528,31,0,0,0,9,26,5,0,0,0.00000,0,0,0,0
base,1,fatex_39,1,601,8,196,completed,1,0,1,0.96415,0.97159,486,486,422734,1012747,224583936,196,0,0,0,39,137,111,0,0,0.00000,0,0,1,1
base,1,fatex_40,1,960,30,105,completed,1,0,1,0.75834,0.79095,294,298,730040,1006671,145313792,105,0,0,0,67,10,118,0,0,0.00000,0,0,1,1
base,1,fatex_41,0,,,98,budget_exceeded,2,0,0,,1.00297,287,287,439174,1909998,145246336,98,0,0,0,70,20,96,0,0,0.00000,0,0,1,1
base,1,fatex_42,1,1556,75,106,completed,0,0,1,0.70303,0.70842,307,307,249799,723313,168185216,106,0,0,0,75,12,129,0,0,0.00000,0,0,0,0
base,1,fatex_43,0,,,52,completed,21,1,0,,0.16614,115,184,213636,161708,32481792,52,0,0,0,19,49,0,0,0,0.00000,0,0,0,0
base,1,fatex_44,0,,,154,budget_exceeded,0,0,0,,1.00087,452,452,400918,1182847,219122304,154,0,0,0,98,10,190,0,0,0.00000,0,0,1,1
base,1,fatex_45,1,242,8,29,completed,0,0,1,0.13961,0.14389,70,70,122917,291378,16104576,29,0,0,0,7,2,31,0,0,0.00000,0,0,0,0
base,1,fatex_46,1,582,11,21,completed,0,0,1,0.20355,0.20879,75,75,222778,407042,22724096,21,0,0,0,40,15,7,0,0,0.00000,0,0,0,0
base,1,fatex_47,0,,,96,budget_exceeded,2,1,0,,1.00096,219,392,426575,1592399,176918400,96,0,0,0,24,45,57,0,0,0.00000,0,0,0,1
base,1,fatex_48,1,258,9,16,completed,0,0,1,0.07909,0.08141,46,46,43193,204200,6495872,16,0,0,0,12,1,17,0,0,0.00000,0,0,0,0
base,1,fatex_49,1,202,5,7,completed,0,0,1,0.04322,0.04472,21,21,29584,129703,1523456,7,0,0,0,12,3,2,0,0,0.00000,0,0,0,0
base,1,fatex_50,1,999,19,104,completed,0,0,1,0.50939,0.51468,244,244,261975,704732,100241024,104,0,0,0,27,66,51,0,0,0.00000,0,0,0,0
base,1,fatex_51,1,294,20,64,completed,0,0,1,0.15293,0.15875,139,139,119458,258318,24891264,64,0,0,0,16,47,12,0,0,0.00000,0,0,0,0
base,1,fatex_52,1,598,5,31,completed,4,0,1,0.24611,0.27906,100,113,252247,425858,44466944,31,0,0,0,31,12,27,0,0,0.00000,0,0,0,0
base,1,fatex_53,1,1276,144,78,completed,1,0,1,0.47008,0.49334,245,251,203062,604565,105581568,78,0,0,0,48,5,113,0,0,0.00000,0,0,0,0
base,1,fatex_54,1,119,6,13,completed,0,0,1,0.02750,0.02857,31,31,32076,73487,1250560,13,0,0,0,3,2,12,0,0,0.00000,0,0,0,0
base,1,fatex_55,1,382,3,34,completed,0,0,1,0.12793,0.13252,81,81,140363,241850,16123904,34,0,0,0,16,11,23,0,0,0.00000,0,0,0,0
base,1,fatex_56,0,,,51,completed,6,1,0,,0.63025,116,152,171637,1488114,67696000,51,0,0,0,11,33,22,0,0,0.00000,0,0,0,1
base,1,fatex_57,1,351,7,21,completed,0,0,1,0.09329,0.09629,55,55,77094,233335,7200000,21,0,0,0,10,5,18,0,0,0.00000,0,0,0,0
base,1,fatex_58,0,,,201,budget_exceeded,0,0,0,,1.00066,479,479,511849,1077063,224081024,202,0,0,0,48,137,89,0,0,0.00000,0,0,1,1
base,1,fatex_59,1,512,33,13,completed,0,0,1,0.12696,0.13035,53,53,115627,287527,12021120,13,0,0,0,12,11,19,0,0,0.00000,0,0,0,0
base,1,fatex_61,0,,,54,budget_exceeded,6,1,0,,1.00305,129,374,638034,1300915,196239744,54,0,0,0,13,62,2,0,0,0.00000,0,0,0,1
base,1,fatex_62,0,,,181,budget_exceeded,1,1,0,,1.00079,482,600,563154,811773,248091008,181,0,0,0,45,89,168,0,0,0.00000,0,0,1,1
base,1,fatex_64,0,,,163,budget_exceeded,0,0,0,,1.00151,468,468,488716,1169192,216327040,163,0,0,0,86,14,209,0,0,0.00000,0,0,1,1
base,1,fatex_65,0,,,30,budget_exceeded,8,1,0,,1.00000,68,444,476547,1231738,210142464,30,0,0,0,8,27,5,0,0,0.00000,0,0,0,1
base,1,fatex_66,0,,,49,completed,11,1,0,,0.46299,109,223,166485,669658,90062720,49,0,0,0,6,54,0,0,0,0.00000,0,0,0,0
base,1,fatex_67,1,306,8,13,completed,0,0,1,0.07119,0.07300,31,31,74000,179138,4457344,13,0,0,0,3,11,3,0,0,0.00000,0,0,0,0
base,1,fatex_68,0,,,58,budget_exceeded,8,1,0,,1.00028,151,422,562480,1259606,203159808,58,0,0,0,21,36,38,0,0,0.00000,0,0,0,1
base,1,fatex_69,1,308,5,92,completed,0,0,1,0.19506,0.19984,203,203,208407,249095,36040064,92,0,0,0,15,4,91,0,0,0.00000,0,0,0,0
base,1,fatex_70,1,60,1,7,completed,0,0,1,0.01454,0.01521,18,18,31468,33938,464512,7,0,0,0,3,5,2,0,0,0.00000,0,0,0,0
base,1,fatex_71,0,,,68,budget_exceeded,8,1,0,,1.00273,175,397,832508,1285089,187984000,68,0,0,0,29,6,73,0,0,0.00000,0,0,0,1
base,1,fatex_72,0,,,25,completed,26,1,0,,0.58685,57,267,430490,673674,120697856,25,0,0,0,8,1,23,0,0,0.00000,0,0,0,1
base,1,fatex_73,0,,,39,completed,14,1,0,,0.17614,109,128,186056,265388,27067136,39,0,0,0,34,45,0,0,0,0.00000,0,0,0,0
base,1,fatex_74,0,,,28,completed,9,1,0,,0.12534,69,96,141302,254095,12288000,28,0,0,0,10,4,26,0,0,0.00000,0,0,0,0
base,1,fatex_76,0,,,67,completed,13,1,0,,0.76195,171,261,375959,1274697,125857536,67,0,0,0,24,15,65,0,0,0.00000,0,0,0,1
base,1,fatex_78,0,,,29,completed,11,1,0,,0.28532,84,130,202782,466187,45143552,29,0,0,0,32,7,32,0,0,0.00000,0,0,0,0
base,1,fatex_79,0,,,71,completed,11,1,0,,0.30957,156,206,228358,364942,62646912,71,0,0,0,9,7,70,0,0,0.00000,0,0,0,0
base,1,fatex_80,0,,,36,completed,10,1,0,,0.26067,81,133,177057,463915,37851648,36,0,0,0,12,5,33,0,0,0.00000,0,0,0,0
base,1,fatex_82,0,,,29,completed,11,1,0,,0.12438,70,103,125029,215362,16634752,29,0,0,0,15,27,4,0,0,0.00000,0,0,0,0
base,1,fatex_83,0,,,14,completed,7,1,0,,0.15103,32,47,152538,373415,8971648,14,0,0,0,10,10,1,0,0,0.00000,0,0,0,0
base,1,fatex_84,1,148,1,13,completed,0,0,1,0.06278,0.06465,30,30,27210,179627,3767296,13,0,0,0,4,7,5,0,0,0.00000,0,0,0,0
base,1,fatex_85,0,,,30,budget_exceeded,1,1,0,,1.00049,82,508,174629,929821,255604352,30,0,0,0,19,28,12,0,0,0.00000,0,0,0,1
base,1,fatex_86,0,,,76,completed,7,1,0,,0.69152,182,252,233845,1275636,107716736,76,0,0,0,15,83,12,0,0,0.00000,0,0,0,1
base,1,fatex_87,0,,,14,budget_exceeded,1,0,0,,1.00282,104,104,368450,2687562,70972416,14,0,0,0,5,81,0,0,0,0.00000,0,0,0,0
base,1,fatex_88,0,,,25,completed,8,1,0,,0.35382,59,71,200272,788586,37493248,25,0,0,0,6,23,4,0,0,0.00000,0,0,0,0
base,1,fatex_89,1,880,8,33,completed,8,0,1,0.31867,0.39413,119,145,256319,595458,68397312,33,0,0,0,36,28,24,0,0,0.00000,0,0,0,0
base,1,fatex_90,0,,,70,budget_exceeded,12,1,0,,1.04171,170,273,207202,2279061,133774848,70,0,0,0,12,83,7,0,0,0.00000,0,0,0,1
base,1,fatex_91,0,,,150,budget_exceeded,1,1,0,,1.00061,370,530,457021,945043,240007040,150,0,0,0,38,6,176,0,0,0.00000,0,0,0,1
base,1,fatex_92,0,,,147,completed,13,1,0,,0.48035,323,467,298693,314086,125208832,147,0,0,0,9,26,142,0,0,0.00000,0,0,0,0
base,1,fatex_93,0,,,82,budget_exceeded,0,0,0,,1.00057,369,369,322684,1542257,186986368,82,0,0,0,13,253,25,0,0,0.00000,0,0,1,1
base,1,fatex_94,0,,,73,completed,8,1,0,,0.19727,153,202,135447,281920,35489408,73,0,0,0,7,75,0,0,0,0.00000,0,0,0,0
base,1,fatex_95,0,,,101,budget_exceeded,1,1,0,,1.00338,239,421,519180,1298734,202517632,101,0,0,0,21,12,104,0,0,0.00000,0,0,0,1
base,1,fatex_96,0,,,38,completed,12,1,0,,0.32952,83,115,107720,645200,47779072,38,0,0,0,12,35,2,0,0,0.00000,0,0,0,0
base,1,fatex_97,0,,,79,budget_exceeded,85,1,0,,1.00098,200,409,588310,1081732,219905024,79,0,0,0,16,34,74,0,0,0.00000,0,0,0,1
base,1,fatex_98,0,,,37,completed,10,1,0,,0.38233,96,118,214366,698673,55960192,37,0,0,0,13,32,16,0,0,0.00000,0,0,0,0
base,1,fatex_100,0,,,90,completed,13,1,0,,0.87298,238,327,478832,1356886,152148864,90,0,0,0,23,5,122,0,0,0.00000,0,0,0,1
base,2,fatex_1,1,259,9,11,completed,0,0,1,0.05338,0.05546,29,29,77349,134384,2500224,11,0,0,0,6,9,3,0,0,0.00000,0,0,0,0
base,2,fatex_3,1,876,37,22,completed,0,0,1,0.17651,0.18008,53,53,101737,449749,14251648,22,0,0,0,10,6,17,0,0,0.00000,0,0,0,0
base,2,fatex_4,1,855,21,29,completed,0,0,1,0.24484,0.25185,88,88,182169,483306,32506752,29,0,0,0,25,9,27,0,0,0.00000,0,0,0,0
base,2,fatex_5,1,257,5,22,completed,2,0,1,0.07207,0.07758,49,53,56712,179680,6902528,22,0,0,0,7,21,0,0,0,0.00000,0,0,0,0
base,2,fatex_6,1,438,13,54,completed,1,0,1,0.15213,0.16041,120,120,106376,305280,21441024,54,0,0,0,13,53,1,0,0,0.00000,0,0,0,0
base,2,fatex_7,1,377,12,15,completed,0,0,1,0.07959,0.08215,46,46,103727,190779,5076352,15,0,0,0,13,13,5,0,0,0.00000,0,0,0,0
base,2,fatex_8,1,217,7,19,completed,0,0,1,0.04856,0.05037,44,44,61297,117837,3142144,19,0,0,0,9,8,10,0,0,0.00000,0,0,0,0
base,2,fatex_9,1,448,7,27,completed,4,0,1,0.14552,0.16689,82,93,149719,299677,22150656,27,0,0,0,25,12,20,0,0,0.00000,0,0,0,0
base,2,fatex_10,0,,,108,budget_exceeded,1,0,0,,1.00034,285,285,426805,1906856,145239808,108,0,0,0,50,75,49,0,0,0.00000,0,0,1,1
base,2,fatex_11,1,741,34,40,completed,0,0,1,0.31003,0.31949,111,111,274944,502078,50148864,40,0,0,0,41,13,28,0,0,0.00000,0,0,0,0
base,2,fatex_12,1,777,46,42,completed,0,0,1,0.29413,0.29959,137,137,137708,490526,51056768,42,0,0,0,38,0,58,0,0,0.00000,0,0,0,0
base,2,fatex_14,1,98,1,6,completed,0,0,1,0.02343,0.02492,16,16,33086,64831,762240,6,0,0,0,2,4,3,0,0,0.00000,0,0,0,0
base,2,fatex_16,0,,,91,budget_exceeded,4,1,0,,1.00277,263,279,663423,2203715,104588032,91,0,0,0,49,26,94,0,0,0.00000,0,0,1,1
base,2,fatex_17,0,,,77,budget_exceeded,3,0,0,,1.04836,258,258,461034,2236766,127685120,77,0,0,0,60,14,100,0,0,0.00000,0,0,1,1
base,2,fatex_18,0,,,136,budget_exceeded,1,0,0,,1.00288,372,372,985263,1290250,179884288,136,0,0,0,77,1,161,0,0,0.00000,0,0,1,1
base,2,fatex_19,0,,,190,budget_exceeded,0,0,0,,1.00048,489,489,436732,1238919,211585536,190,0,0,0,64,56,177,0,0,0.00000,0,0,1,1
base,2,fatex_20,0,,,98,budget_exceeded,2,1,0,,1.00225,257,286,633991,1678512,158397312,98,0,0,0,47,46,71,0,0,0.00000,0,0,1,1
base,2,fatex_21,1,305,1,23,completed,0,0,1,0.15799,0.16238,52,52,173873,335543,15743872,23,0,0,0,6,13,9,0,0,0.00000,0,0,0,0
base,2,fatex_22,1,825,26,58,completed,4,0,1,0.41626,0.45979,154,165,296723,607430,88632576,58,0,0,0,28,30,39,0,0,0.00000,0,0,0,0
base,2,fatex_24,1,1255,56,65,completed,2,0,1,0.57836,0.58425,241,244,413422,739602,114030080,65,0,0,0,73,9,91,0,0,0.00000,0,0,1,1
base,2,fatex_25,0,,,176,budget_exceeded,0,0,0,,1.00040,462,462,533662,1230736,207528320,176,0,0,0,71,71,147,0,0,0.00000,0,0,1,1
base,2,fatex_26,1,1123,26,48,completed,1,0,1,0.38455,0.40451,152,155,186639,651711,69965824,48,0,0,0,50,33,31,0,0,0.00000,0,0,0,0
base,2,fatex_27,0,,,85,budget_exceeded,0,0,0,,1.00113,417,417,758218,1300039,189632896,85,0,0,0,146,17,172,0,0,0.00000,0,0,2,2
base,2,fatex_28,0,,,132,budget_exceeded,3,1,0,,1.00133,385,418,592124,1471238,180887552,132,0,0,0,56,30,166,0,0,0.00000,0,0,1,1
base,2,fatex_29,1,404,9,41,completed,0,0,1,0.15132,0.15532,95,95,232636,285143,15325952,41,0,0,0,14,36,5,0,0,0.00000,0,0,0,0
base,2,fatex_30,1,194,3,9,completed,0,0,1,0.05219,0.05386,23,23,40520,146846,2526208,9,0,0,0,4,7,2,0,0,0.00000,0,0,0,0
base,2,fatex_31,0,,,168,budget_exceeded,1,1,0,,1.00247,421,462,491250,1276251,205835904,168,0,0,0,49,51,153,0,0,0.00000,0,0,1,1
base,2,fatex_32,0,,,74,completed,5,1,0,,0.44596,165,172,223286,731824,74923264,74,0,0,0,9,60,22,0,0,0.00000,0,0,0,0
base,2,fatex_33,0,,,41,budget_exceeded,0,0,0,,1.06104,103,103,155075,3329480,38239488,41,0,0,0,8,11,36,0,0,0.00000,0,0,0,0
base,2,fatex_34,0,,,21,budget_exceeded,2,1,0,,1.00088,49,516,216055,1027026,243952640,21,0,0,0,8,20,2,0,0,0.00000,0,0,0,1
base,2,fatex_35,1,309,3,12,completed,0,0,1,0.09839,0.10210,33,33,132847,249977,4824192,12,0,0,0,9,9,3,0,0,0.00000,0,0,0,0
base,2,fatex_36,1,606,14,96,completed,0,0,1,0.46057,0.46279,227,227,192362,529872,102678144,96,0,0,0,27,46,59,0,0,0.00000,0,0,0,0
base,2,fatex_37,0,,,98,budget_exceeded,1,1,0,,1.00334,263,522,857555,888175,226640512,98,0,0,0,28,2,134,0,0,0.00000,0,0,0,1
base,2,fatex_38,1,177,16,23,completed,0,0,1,0.08183,0.08396,53,53,44114,206185,7160064,23,0,0,0,11,17,5,0,0,0.00000,0,0,0,0
base,2,fatex_39,1,601,8,59,completed,0,0,1,0.22694,0.23130,126,126,206772,329327,39337216,59,0,0,0,9,59,0,0,0,0.00000,0,0,0,0
base,2,fatex_40,1,572,12,69,completed,0,0,1,0.44643,0.45606,169,169,177381,673895,86620672,69,0,0,0,29,50,21,0,0,0.00000,0,0,0,0
base,2,fatex_41,0,,,116,budget_exceeded,20,0,0,,1.00143,443,443,465846,1278215,206540288,116,0,0,0,114,15,175,0,0,0.00000,0,0,1,1
base,2,fatex_42,1,1996,88,118,completed,1,0,1,0.63937,0.66026,318,323,197943,720289,153880576,118,0,0,0,48,38,115,0,0,0.00000,0,0,0,0
base,2,fatex_43,0,,,27,completed,13,1,0,,0.15870,64,129,145702,252171,24177536,27,0,0,0,12,26,0,0,0,0.00000,0,0,0,0
base,2,fatex_44,0,,,121,budget_exceeded,0,0,0,,1.00206,396,396,544186,1254903,205177216,121,0,0,0,94,7,171,0,0,0.00000,0,0,1,1
base,2,fatex_45,0,,,70,budget_exceeded,16,1,0,,1.00294,153,366,585473,1309352,197984000,70,0,0,0,13,18,52,0,0,0.00000,0,0,0,1
base,2,fatex_46,1,811,20,46,completed,0,0,1,0.26127,0.26484,116,116,124369,455206,42846592,46,0,0,0,26,9,38,0,0,0.00000,0,0,0,0
base,2,fatex_47,0,,,142,budget_exceeded,0,0,0,,1.00079,417,417,769529,1066805,212269312,143,0,0,0,90,9,175,0,0,0.00000,0,0,1,1
base,2,fatex_48,1,319,13,16,completed,0,0,1,0.09296,0.09647,46,46,97360,220602,7526528,16,0,0,0,15,11,5,0,0,0.00000,0,0,0,0
base,2,fatex_49,1,307,8,4,completed,0,0,1,0.06729,0.06939,16,16,100436,179159,1843328,4,0,0,0,10,3,1,0,0,0.00000,0,0,0,0
base,2,fatex_50,0,,,148,budget_exceeded,1,0,0,,1.00218,370,370,373659,1573132,181923584,148,0,0,0,46,50,125,0,0,0.00000,0,0,1,1
base,2,fatex_51,1,118,6,24,completed,1,0,1,0.05669,0.06104,63,66,101234,113210,5415680,24,0,0,0,13,24,2,0,0,0.00000,0,0,0,0
base,2,fatex_52,1,489,5,26,completed,0,0,1,0.16767,0.17064,75,75,115095,349219,20266368,26,0,0,0,26,14,15,0,0,0.00000,0,0,0,0
base,2,fatex_53,1,1935,106,140,completed,2,0,1,0.83563,0.86794,419,433,453010,1099639,177362816,140,0,0,0,109,15,154,0,0,0.00000,0,0,1,1
base,2,fatex_54,1,103,2,10,completed,0,0,1,0.04005,0.04213,25,25,42073,111768,1767040,10,0,0,0,4,2,8,0,0,0.00000,0,0,0,0
base,2,fatex_55,1,531,2,28,completed,1,0,1,0.25633,0.26719,99,103,217928,438259,40700928,28,0,0,0,43,7,26,0,0,0.00000,0,0,0,0
base,2,fatex_56,0,,,95,budget_exceeded,2,0,0,,1.00040,273,273,422445,1994525,136709248,96,0,0,0,47,9,120,0,0,0.00000,0,0,1,1
base,2,fatex_57,1,330,5,14,completed,0,0,1,0.09830,0.10103,34,34,82110,253582,6617472,14,0,0,0,4,11,4,0,0,0.00000,0,0,0,0
base,2,fatex_58,0,,,139,budget_exceeded,1,0,0,,1.01052,368,368,586176,1396158,191975040,139,0,0,0,38,50,139,0,0,0.00000,0,0,1,1
base,2,fatex_59,1,528,32,28,completed,2,0,1,0.12311,0.14481,68,80,78848,316758,16098304,28,0,0,0,11,21,7,0,0,0.00000,0,0,0,0
base,2,fatex_61,0,,,72,budget_exceeded,1,1,0,,1.00172,171,420,504198,1371200,195426048,72,0,0,0,13,18,70,0,0,0.00000,0,0,0,1
base,2,fatex_62,0,,,168,budget_exceeded,0,0,0,,1.00100,514,514,557611,1178332,211784960,168,0,0,0,114,58,176,0,0,0.00000,0,0,1,1
base,2,fatex_64,1,1197,84,132,completed,1,0,1,0.76786,0.77909,385,393,463379,857526,169326336,132,0,0,0,80,25,145,0,0,0.00000,0,0,1,1
base,2,fatex_65,0,,,89,completed,37,1,0,,0.91298,197,536,332579,971707,212265856,89,0,0,0,18,8,86,0,0,0.00000,0,0,0,1
base,2,fatex_66,0,,,144,budget_exceeded,1,1,0,,1.00089,382,415,484381,1500544,183188864,144,0,0,0,65,8,170,0,0,0.00000,0,0,1,1
base,2,fatex_67,1,371,17,15,completed,0,0,1,0.09680,0.09987,39,39,46197,267796,6577536,15,0,0,0,10,11,4,0,0,0.00000,0,0,0,0
base,2,fatex_68,1,440,9,37,completed,1,0,1,0.21547,0.22679,104,107,213348,391987,31131904,37,0,0,0,23,24,21,0,0,0.00000,0,0,0,0
base,2,fatex_69,0,,,132,budget_exceeded,2,0,0,,1.00152,368,368,553274,1523602,177663360,132,0,0,0,43,97,90,0,0,0.00000,0,0,2,2
base,2,fatex_70,1,58,1,6,completed,0,0,1,0.01671,0.01737,18,18,29258,43150,424064,6,0,0,0,7,5,1,0,0,0.00000,0,0,0,0
base,2,fatex_71,0,,,54,completed,40,1,0,,0.65876,134,312,305087,679770,152040576,54,0,0,0,27,9,45,0,0,0.00000,0,0,0,0
base,2,fatex_72,0,,,56,completed,20,1,0,,0.84808,132,428,528596,833625,193093504,56,0,0,0,17,6,54,0,0,0.00000,0,0,0,1
base,2,fatex_73,0,,,71,budget_exceeded,21,1,0,,1.00036,177,597,474984,1032255,230297216,71,0,0,0,16,5,84,0,0,0.00000,0,0,0,1
base,2,fatex_74,0,,,27,completed,16,1,0,,0.18511,83,134,70281,345040,28091264,27,0,0,0,9,7,39,0,0,0.00000,0,0,0,0
base,2,fatex_76,1,598,14,49,completed,1,0,1,0.25407,0.26298,114,114,159487,484018,37545344,49,0,0,0,15,45,6,0,0,0.00000,0,0,0,0
base,2,fatex_78,0,,,72,completed,53,1,0,,0.58958,185,316,351943,506158,142351616,72,0,0,0,42,9,71,0,0,0.00000,0,0,0,0
base,2,fatex_79,0,,,39,completed,11,1,0,,0.28346,95,199,258515,307464,57563392,39,0,0,0,20,7,33,0,0,0.00000,0,0,0,0
base,2,fatex_80,0,,,70,completed,16,1,0,,0.73340,154,390,365351,813349,162325120,70,0,0,0,12,2,72,0,0,0.00000,0,0,0,1
base,2,fatex_82,0,,,27,completed,13,1,0,,0.19425,74,115,267216,286979,27316992,27,0,0,0,19,14,14,0,0,0.00000,0,0,0,0
base,2,fatex_83,0,,,51,completed,8,1,0,,0.41305,110,177,207749,612030,75926400,51,0,0,0,8,40,12,0,0,0.00000,0,0,0,0
base,2,fatex_84,1,200,4,13,completed,0,0,1,0.05709,0.05901,32,32,38490,158245,3326336,13,0,0,0,8,10,3,0,0,0.00000,0,0,0,0
base,2,fatex_85,0,,,14,completed,28,1,0,,0.30192,47,107,53786,622512,42888704,14,0,0,0,8,23,1,0,0,0.00000,0,0,0,0
base,2,fatex_86,0,,,35,budget_exceeded,8,1,0,,1.00092,76,536,309209,996816,242330752,35,0,0,0,10,33,1,0,0,0.00000,0,0,0,1
base,2,fatex_87,0,,,17,budget_exceeded,0,0,0,,1.00023,656,656,413970,1176326,218894848,17,0,0,0,4,626,9,0,0,0.00000,0,0,1,1
base,2,fatex_88,0,,,305,budget_exceeded,0,0,0,,1.00017,375,375,362391,755554,263528320,305,0,0,0,16,28,25,0,0,0.00000,0,0,1,1
base,2,fatex_89,1,1148,45,75,completed,1,0,1,0.55653,0.57632,224,227,314469,658703,124236288,75,0,0,0,59,13,77,0,0,0.00000,0,0,0,0
base,2,fatex_90,0,,,95,budget_exceeded,31,1,0,,1.00258,249,347,742939,1431682,177750400,95,0,0,0,30,37,85,0,0,0.00000,0,0,1,1
base,2,fatex_91,0,,,74,budget_exceeded,188,1,0,,1.00030,163,624,482888,1034089,229697664,74,0,0,0,15,40,36,0,0,0.00000,0,0,0,1
base,2,fatex_92,0,,,36,budget_exceeded,1,1,0,,1.00006,77,753,323632,346840,306299392,36,0,0,0,11,0,33,0,0,0.00000,0,0,0,0
base,2,fatex_93,0,,,115,budget_exceeded,1,0,0,,1.00977,363,363,361008,1570362,185544320,115,0,0,0,69,29,153,0,0,0.00000,0,0,1,1
base,2,fatex_94,0,,,31,completed,8,1,0,,0.13565,71,84,43950,357582,10491904,31,0,0,0,12,33,0,0,0,0.00000,0,0,0,0
base,2,fatex_95,0,,,33,budget_exceeded,3,1,0,,1.00454,83,305,572198,1550164,175137024,33,0,0,0,10,9,30,0,0,0.00000,0,0,0,1
base,2,fatex_96,0,,,15,completed,10,1,0,,0.27831,60,94,85882,566207,38481664,15,0,0,0,6,39,0,0,0,0.00000,0,0,0,0
base,2,fatex_97,0,,,76,budget_exceeded,3,1,0,,1.03108,194,279,451807,2133219,132332032,76,0,0,0,20,67,33,0,0,0.00000,0,0,0,1
base,2,fatex_98,0,,,66,completed,17,1,0,,0.98672,147,476,566667,1113975,212668800,66,0,0,0,14,41,29,0,0,0.00000,0,0,0,1
base,2,fatex_100,0,,,61,budget_exceeded,7,1,0,,1.01230,143,178,166799,2906761,62521216,61,0,0,0,15,4,64,0,0,0.00000,0,0,0,0
grep,1,fatex_1,1,247,10,8,completed,0,0,1,0.06409,0.06619,43,43,78546,144804,5230720,8,0,21,0,18,2,6,0,0,0.00000,0,0,0,0
grep,1,fatex_3,1,525,23,16,completed,0,0,1,0.15054,0.15464,76,76,103468,320676,17989248,16,0,29,0,24,5,14,0,0,0.00000,0,0,0,0
grep,1,fatex_4,1,284,2,28,completed,0,0,1,0.23114,0.23681,135,135,237698,339848,38704640,28,0,82,0,35,4,25,0,0,0.00000,0,0,0,0
grep,1,fatex_5,1,142,1,7,completed,0,0,1,0.07191,0.07391,60,60,106793,131312,7926272,7,0,62,0,23,1,6,0,0,0.00000,0,0,0,0
grep,1,fatex_6,1,139,1,5,completed,0,0,1,0.05680,0.05846,55,55,98728,102831,5659136,5,0,57,0,16,2,3,0,0,0.00000,0,0,0,0
grep,1,fatex_7,1,49,1,2,completed,0,0,1,0.01928,0.01999,35,35,42804,36466,1352320,2,0,36,0,14,1,1,0,0,0.00000,0,0,0,0
grep,1,fatex_8,1,196,4,6,completed,0,0,1,0.04386,0.04633,50,50,96940,78521,3847040,6,0,44,0,15,2,4,0,0,0.00000,0,0,0,0
grep,1,fatex_9,1,219,2,8,completed,0,0,1,0.06586,0.06785,68,68,105794,106256,8316416,8,0,47,0,18,5,5,0,0,0.00000,0,0,0,0
grep,1,fatex_10,1,838,53,70,completed,0,0,1,0.62465,0.62726,303,303,278819,612110,148869376,70,0,99,0,77,1,93,0,0,0.00000,0,0,0,0
grep,1,fatex_11,1,388,30,6,completed,0,0,1,0.12264,0.12735,46,46,132666,285986,10250624,6,0,61,0,17,3,2,0,0,0.00000,0,0,0,0
grep,1,fatex_12,1,1891,40,59,completed,1,0,1,0.66161,0.66583,309,312,395290,788124,139221248,59,0,118,0,81,4,92,0,0,0.00000,0,0,1,1
grep,1,fatex_14,1,126,2,2,completed,0,0,1,0.03356,0.03473,31,31,57953,75499,1956736,2,0,25,0,16,1,1,0,0,0.00000,0,0,0,0
grep,1,fatex_16,1,376,2,24,completed,0,0,1,0.21836,0.22374,154,154,185420,315394,39096192,24,0,178,0,36,1,25,0,0,0.00000,0,0,0,0
grep,1,fatex_17,0,,,16,budget_exceeded,3,1,0,,1.00408,70,324,436251,1908389,145948032,16,0,55,0,9,4,13,0,0,0.00000,0,0,0,1
grep,1,fatex_18,0,,,141,budget_exceeded,0,0,0,,1.00036,510,510,466294,1081291,225829248,142,0,211,0,88,6,163,0,0,0.00000,0,0,1,1
grep,1,fatex_19,1,1808,214,96,completed,1,0,1,0.70510,0.70936,332,336,360626,799300,155383296,96,0,104,0,60,2,120,0,0,0.00000,0,0,1,1
grep,1,fatex_20,1,780,13,50,completed,0,0,1,0.47137,0.48121,190,190,293539,599082,97273984,50,0,131,0,40,10,42,0,0,0.00000,0,0,0,0
grep,1,fatex_21,1,69,1,3,completed,0,0,1,0.03202,0.03317,40,40,71368,56076,2669184,3,0,33,0,17,1,2,0,0,0.00000,0,0,0,0
grep,1,fatex_22,1,83,1,4,completed,0,0,1,0.03823,0.03992,41,41,63424,81341,2950272,4,0,36,0,12,0,4,0,0,0.00000,0,0,0,0
grep,1,fatex_24,1,700,44,66,completed,0,0,1,0.46625,0.48016,285,285,293276,484507,108371456,66,0,153,0,50,1,67,0,0,0.00000,0,0,0,0
grep,1,fatex_25,0,,,83,budget_exceeded,0,0,0,,1.00333,395,395,597738,1239787,204468096,83,0,125,0,101,4,126,0,0,0.00000,0,0,1,1
grep,1,fatex_26,1,695,14,31,completed,0,0,1,0.29666,0.30056,181,181,240323,375065,57818624,31,0,179,0,41,3,36,0,0,0.00000,0,0,0,0
grep,1,fatex_27,1,594,13,32,completed,0,0,1,0.34038,0.34460,170,170,218400,478810,64271232,32,0,94,0,71,6,33,0,0,0.00000,0,0,0,0
grep,1,fatex_28,0,,,56,budget_exceeded,2,1,0,,1.00317,211,377,557616,1469445,183448832,56,0,96,0,37,10,58,0,0,0.00000,0,0,0,1
grep,1,fatex_29,1,79,2,6,completed,0,0,1,0.07066,0.07284,115,115,133693,78597,11469056,6,0,141,0,25,2,3,0,0,0.00000,0,0,0,0
grep,1,fatex_30,1,85,1,6,completed,0,0,1,0.03618,0.03733,45,45,53767,76844,2959616,6,0,36,0,12,2,4,0,0,0.00000,0,0,0,0
grep,1,fatex_31,0,,,113,budget_exceeded,0,0,0,,1.00034,493,493,581388,1094804,218715264,113,0,151,0,110,4,155,0,0,0.00000,0,0,1,1
grep,1,fatex_32,0,,,80,budget_exceeded,1,0,0,,1.00148,410,410,446685,1561581,179179648,80,0,128,0,62,9,167,0,0,0.00000,0,0,1,1
grep,1,fatex_33,0,,,131,budget_exceeded,1,1,0,,1.00007,387,452,415451,1216535,214741888,131,0,70,0,37,15,163,0,0,0.00000,0,0,1,1
grep,1,fatex_34,0,,,65,budget_exceeded,8,1,0,,1.00109,233,308,423826,1502750,186066176,65,0,93,0,32,24,56,0,0,0.00000,0,0,1,1
grep,1,fatex_35,1,6,1,1,completed,0,0,1,0.00073,0.00080,6,6,3315,1066,14336,1,0,2,0,2,0,1,0,0,0.00000,0,0,0,0
grep,1,fatex_36,1,377,5,52,completed,0,0,1,0.39947,0.40590,245,245,254678,380534,94178048,52,0,97,0,63,4,59,0,0,0.00000,0,0,0,0
grep,1,fatex_37,0,,,121,budget_exceeded,1,0,0,,1.00944,447,447,459787,1689299,168595072,121,0,103,0,103,2,140,0,0,0.00000,0,0,1,1
grep,1,fatex_38,1,171,12,9,completed,0,0,1,0.07794,0.07996,65,65,77974,180486,6610816,9,0,45,0,19,6,3,0,0,0.00000,0,0,0,0
grep,1,fatex_39,1,222,5,16,completed,0,0,1,0.13920,0.14459,90,90,164083,242081,19228288,16,0,58,0,23,6,10,0,0,0.00000,0,0,0,0
grep,1,fatex_40,1,123,1,10,completed,0,0,1,0.08543,0.08787,126,126,117486,103646,15143808,10,0,113,0,33,2,8,0,0,0.00000,0,0,0,0
grep,1,fatex_41,0,,,57,budget_exceeded,2,1,0,,1.00031,297,486,594134,1131286,214417920,57,0,188,0,49,10,97,0,0,0.00000,0,0,1,1
grep,1,fatex_42,1,1284,65,43,completed,0,0,1,0.32749,0.32953,179,179,223047,434987,63038592,43,0,98,0,39,3,50,0,0,0.00000,0,0,0,0
grep,1,fatex_43,0,,,3,completed,7,1,0,,0.18527,72,117,177301,329848,24316544,3,0,71,0,23,0,2,0,0,0.00000,0,0,0,0
grep,1,fatex_44,0,,,71,budget_exceeded,1,1,0,,1.00192,399,435,713383,1183867,203773824,71,0,119,0,103,5,149,0,0,0.00000,0,0,1,1
grep,1,fatex_45,1,125,3,3,completed,0,0,1,0.08631,0.08835,94,94,133795,133956,11468160,3,0,115,0,26,1,2,0,0,0.00000,0,0,0,0
grep,1,fatex_46,1,58,1,5,completed,0,0,1,0.02837,0.02943,34,34,58854,53900,2176896,5,0,15,0,12,1,4,0,0,0.00000,0,0,0,0
grep,1,fatex_47,0,,,169,budget_exceeded,0,0,0,,1.00073,597,597,473131,874700,246275712,170,0,114,0,132,4,204,0,0,0.00000,0,0,1,1
grep,1,fatex_48,1,111,3,24,completed,0,0,1,0.15127,0.15381,127,127,158711,205494,26447872,24,0,64,0,39,2,23,0,0,0.00000,0,0,0,0
grep,1,fatex_49,1,124,3,3,completed,0,0,1,0.02770,0.02897,36,36,67097,48906,2099328,3,0,37,0,12,1,2,0,0,0.00000,0,0,0,0
grep,1,fatex_50,1,1272,40,128,completed,1,0,1,0.85803,0.86389,513,516,403140,823778,205997056,128,0,162,0,97,11,173,0,0,0.00000,0,0,1,1
grep,1,fatex_51,1,80,4,3,completed,0,0,1,0.04911,0.05069,50,50,117905,72900,4919168,3,0,51,0,20,2,1,0,0,0.00000,0,0,0,0
grep,1,fatex_52,1,61,1,4,completed,0,0,1,0.03715,0.03867,58,58,78100,56836,4223232,4,0,63,0,18,1,2,0,0,0.00000,0,0,0,0
grep,1,fatex_53,1,945,65,60,completed,0,0,1,0.42119,0.42786,234,234,289809,475083,90807808,60,0,122,0,41,2,62,0,0,0.00000,0,0,0,0
grep,1,fatex_54,1,102,2,3,completed,0,0,1,0.03514,0.03641,31,31,54447,80663,2214016,3,0,28,0,9,2,1,0,0,0.00000,0,0,0,0
grep,1,fatex_55,1,461,4,14,completed,0,0,1,0.18349,0.18672,83,83,171003,359760,22160896,14,0,82,0,28,4,14,0,0,0.00000,0,0,0,0
grep,1,fatex_56,0,,,14,completed,10,1,0,,0.35589,103,133,160614,667595,52312832,14,0,79,0,23,17,3,0,0,0.00000,0,0,0,0
grep,1,fatex_57,1,104,2,4,completed,0,0,1,0.06071,0.06285,73,73,84022,104190,7826560,4,0,77,0,28,1,4,0,0,0.00000,0,0,0,0
grep,1,fatex_58,1,337,7,36,completed,0,0,1,0.45313,0.46126,196,196,318435,531071,95708416,36,0,114,0,50,8,33,0,0,0.00000,0,0,0,0
grep,1,fatex_59,1,223,12,16,completed,0,0,1,0.10188,0.10707,95,95,134446,172700,14245248,16,0,72,0,24,2,13,0,0,0.00000,0,0,0,0
grep,1,fatex_61,1,520,13,101,completed,0,0,1,0.84412,0.84952,378,378,310789,626986,225161216,101,0,71,0,66,6,160,0,0,0.00000,0,0,0,0
grep,1,fatex_62,0,,,89,budget_exceeded,1,1,0,,1.00149,357,583,624320,890976,237362048,89,0,127,0,62,3,115,0,0,0.00000,0,0,0,1
grep,1,fatex_64,1,855,49,52,completed,1,0,1,0.59304,0.60233,291,291,385643,938026,102031488,52,0,95,0,112,8,51,0,0,0.00000,0,0,1,1
grep,1,fatex_65,0,,,105,budget_exceeded,1,1,0,,1.00162,400,535,635950,849831,240942592,105,0,114,0,67,2,149,0,0,0.00000,0,0,1,1
grep,1,fatex_66,0,,,52,budget_exceeded,1,1,0,,1.00210,154,393,469055,1252169,209224192,52,0,50,0,19,20,40,0,0,0.00000,0,0,0,1
grep,1,fatex_67,1,1182,54,67,completed,1,0,1,0.66417,0.66935,304,308,424476,767276,141102976,67,0,88,0,78,3,99,0,0,0.00000,0,0,1,1
grep,1,fatex_68,1,898,17,68,completed,1,0,1,0.81486,0.83634,354,359,796589,944608,164403968,68,0,106,0,121,9,97,0,0,0.00000,0,0,1,1
grep,1,fatex_69,0,,,104,budget_exceeded,1,1,0,,1.00111,371,556,577268,828066,245870464,104,0,128,0,49,7,122,0,0,0.00000,0,0,0,1
grep,1,fatex_70,1,71,1,2,completed,0,0,1,0.02016,0.02086,30,30,41092,42397,1153920,2,0,35,0,10,2,0,0,0,0.00000,0,0,0,0
grep,1,fatex_71,0,,,173,budget_exceeded,0,0,0,,1.00142,533,533,657195,956849,229105664,173,0,129,0,90,0,186,0,0,0.00000,0,0,1,1
grep,1,fatex_72,0,,,11,completed,40,1,0,,0.35029,82,185,233429,438716,69559680,11,0,61,0,28,0,9,0,0,0.00000,0,0,0,0
grep,1,fatex_73,0,,,17,budget_exceeded,14,1,0,,1.00133,89,479,616437,869209,239875712,17,0,69,0,26,0,17,0,0,0.00000,0,0,0,1
grep,1,fatex_74,0,,,6,completed,13,1,0,,0.11149,32,95,88864,200692,15307008,6,0,25,0,8,0,6,0,0,0.00000,0,0,0,0
grep,1,fatex_76,1,378,7,11,completed,0,0,1,0.18309,0.18815,128,128,208602,255259,31241216,11,0,86,0,44,2,11,0,0,0.00000,0,0,0,0
grep,1,fatex_78,0,,,24,completed,12,1,0,,0.19949,108,137,149067,345092,29282432,24,0,63,0,27,0,25,0,0,0.00000,0,0,0,0
grep,1,fatex_79,0,,,16,budget_exceeded,4,1,0,,1.00067,103,494,371699,576459,281149568,16,0,99,0,20,0,13,0,0,0.00000,0,0,0,0
grep,1,fatex_80,0,,,21,completed,24,1,0,,0.77535,83,362,292340,698970,192395776,21,0,30,0,16,5,24,0,0,0.00000,0,0,0,1
grep,1,fatex_82,0,,,7,completed,15,1,0,,0.11826,87,118,137387,194585,15907712,7,0,119,0,14,2,4,0,0,0.00000,0,0,0,0
grep,1,fatex_83,1,355,6,28,completed,0,0,1,0.15400,0.16269,152,152,200458,192894,28792576,28,0,113,0,24,7,24,0,0,0.00000,0,0,0,0
grep,1,fatex_84,1,141,1,15,completed,0,0,1,0.09876,0.10117,63,63,117625,206091,9641600,15,0,55,0,13,3,12,0,0,0.00000,0,0,0,0
grep,1,fatex_85,0,,,4,completed,8,1,0,,0.19624,41,100,114442,366498,27714560,4,0,44,0,20,0,0,0,0,0.00000,0,0,0,0
grep,1,fatex_86,0,,,18,completed,8,1,0,,0.39775,101,123,153774,708028,63561600,18,0,58,0,22,13,20,0,0,0.00000,0,0,0,0
grep,1,fatex_87,0,,,373,budget_exceeded,0,0,0,,1.00063,523,523,292700,1398779,202853248,373,0,67,0,19,93,1,0,0,0.00000,0,0,1,1
grep,1,fatex_88,0,,,23,completed,11,1,0,,0.37044,106,135,145983,658706,59129728,23,0,68,0,14,27,12,0,0,0.00000,0,0,0,0
grep,1,fatex_89,1,394,8,9,completed,0,0,1,0.16568,0.17029,81,81,156637,332386,19748224,9,0,59,0,27,3,6,0,0,0.00000,0,0,0,0
grep,1,fatex_90,0,,,4,budget_exceeded,0,0,0,,1.00024,630,630,238384,1280213,217287040,4,0,65,0,17,582,0,0,0,0.00000,0,0,1,1
grep,1,fatex_91,0,,,124,budget_exceeded,0,0,0,,1.00027,491,491,562604,1085242,220583296,124,0,149,0,115,9,144,0,0,0.00000,0,0,1,1
grep,1,fatex_92,0,,,2,completed,13,1,0,,0.19764,27,68,119724,436270,20971136,2,0,33,0,13,0,0,0,0,0.00000,0,0,0,0
grep,1,fatex_93,0,,,6,completed,22,1,0,,0.23600,61,116,105218,472336,31791488,6,0,81,0,20,6,0,0,0,0.00000,0,0,0,0
grep,1,fatex_94,0,,,13,completed,7,1,0,,0.48739,59,182,222670,699332,93000320,13,0,76,0,9,0,11,0,0,0.00000,0,0,0,0
grep,1,fatex_95,0,,,43,completed,20,1,0,,0.79812,161,233,575187,1248673,131415168,43,0,39,0,24,16,56,0,0,0.00000,0,0,0,1
grep,1,fatex_96,0,,,28,completed,18,1,0,,0.22702,91,122,87378,474683,29241344,28,0,29,0,18,0,29,0,0,0.00000,0,0,0,0
grep,1,fatex_97,0,,,144,budget_exceeded,1,1,0,,1.00039,452,497,552692,1051151,224531456,144,0,132,0,47,8,173,0,0,0.00000,0,0,1,1
grep,1,fatex_98,0,,,44,completed,24,1,0,,0.77113,155,198,362856,1485615,108700800,44,0,76,0,18,9,39,0,0,0.00000,0,0,0,0
grep,1,fatex_100,0,,,8,completed,8,1,0,,0.24310,76,92,141580,535343,26209152,8,0,112,0,14,7,0,0,0,0.00000,0,0,0,0
grep,2,fatex_1,1,277,1,4,completed,0,0,1,0.04992,0.05180,41,41,70551,113571,3615616,4,0,39,0,13,3,1,0,0,0.00000,0,0,0,0
grep,2,fatex_3,1,413,22,7,completed,0,0,1,0.12563,0.12961,68,68,134962,271513,12391424,7,0,64,0,22,3,6,0,0,0.00000,0,0,0,0
grep,2,fatex_4,1,469,6,17,completed,1,0,1,0.22745,0.24125,126,131,191676,372280,39350144,17,0,77,0,48,6,15,0,0,0.00000,0,0,0,0
grep,2,fatex_5,1,204,3,10,completed,0,0,1,0.07860,0.08078,72,72,111850,143322,8925184,10,0,63,0,20,1,9,0,0,0.00000,0,0,0,0
grep,2,fatex_6,1,267,8,5,completed,0,0,1,0.09672,0.09878,95,95,162305,144962,12665600,5,0,80,0,24,3,2,0,0,0.00000,0,0,0,0
grep,2,fatex_7,1,326,7,7,completed,0,0,1,0.07963,0.08219,65,65,126094,150204,8026752,7,0,53,0,23,1,6,0,0,0.00000,0,0,0,0
grep,2,fatex_8,1,159,6,4,completed,0,0,1,0.04108,0.04228,31,31,63937,95173,2387200,4,0,23,0,7,2,2,0,0,0.00000,0,0,0,0
grep,2,fatex_9,1,176,3,4,completed,0,0,1,0.04774,0.04955,43,43,87808,93066,3997952,4,0,47,0,10,1,3,0,0,0.00000,0,0,0,0
grep,2,fatex_10,1,708,27,68,completed,0,0,1,0.42371,0.43015,231,231,273411,475880,92365952,68,0,80,0,35,8,68,0,0,0.00000,0,0,0,0
grep,2,fatex_11,1,532,19,16,completed,0,0,1,0.19944,0.20258,76,76,128688,392332,26683904,16,0,66,0,22,2,16,0,0,0.00000,0,0,0,0
grep,2,fatex_12,1,806,76,69,completed,0,0,1,0.53163,0.54091,284,284,278940,532654,125971072,69,0,83,0,63,3,86,0,0,0.00000,0,0,0,0
grep,2,fatex_14,1,76,1,2,completed,0,0,1,0.02582,0.02712,40,40,56157,45985,2280576,2,0,45,0,19,1,1,0,0,0.00000,0,0,0,0
grep,2,fatex_16,1,288,5,34,completed,0,0,1,0.22647,0.23212,140,140,231727,341127,37199488,34,0,91,0,33,2,26,0,0,0.00000,0,0,0,0
grep,2,fatex_17,0,,,140,budget_exceeded,0,0,0,,1.00360,493,493,345392,589819,282178560,140,0,216,0,78,1,160,0,0,0.00000,0,0,0,0
grep,2,fatex_18,0,,,37,budget_exceeded,1,1,0,,1.00199,178,465,549472,1118830,218497408,37,0,92,0,35,10,43,0,0,0.00000,0,0,0,1
grep,2,fatex_19,0,,,107,budget_exceeded,0,0,0,,1.00221,426,426,671336,1142076,210156544,107,0,158,0,87,3,157,0,0,0.00000,0,0,1,1
grep,2,fatex_20,1,664,7,33,completed,0,0,1,0.29528,0.30122,138,138,224499,454143,50939392,33,0,95,0,20,1,33,0,0,0.00000,0,0,0,0
grep,2,fatex_21,1,102,1,5,completed,0,0,1,0.11595,0.11873,57,57,122563,251598,11114624,5,0,69,0,23,2,3,0,0,0.00000,0,0,0,0
grep,2,fatex_22,1,126,4,9,completed,0,0,1,0.05652,0.05825,63,63,88086,101276,6270848,9,0,49,0,17,3,7,0,0,0.00000,0,0,0,0
grep,2,fatex_24,1,784,37,30,completed,0,0,1,0.37706,0.38142,170,170,307530,467296,74114432,30,0,93,0,53,3,46,0,0,0.00000,0,0,0,0
grep,2,fatex_25,0,,,131,budget_exceeded,0,0,0,,1.00149,478,478,558589,957270,234017152,132,0,115,0,86,8,164,0,0,0.00000,0,0,1,1
grep,2,fatex_26,0,,,133,budget_exceeded,0,0,0,,1.00233,530,530,601067,946903,233229952,133,0,179,0,111,1,181,0,0,0.00000,0,0,1,1
grep,2,fatex_27,1,329,8,32,completed,1,0,1,0.23757,0.25218,148,154,217117,324266,46781824,32,0,104,0,42,4,38,0,0,0.00000,0,0,0,0
grep,2,fatex_28,0,,,57,completed,13,1,0,,0.76662,178,283,466425,995389,150932480,57,0,51,0,20,26,47,0,0,0.00000,0,0,0,1
grep,2,fatex_29,1,59,2,5,completed,0,0,1,0.04384,0.04506,85,85,91918,58027,5694208,5,0,111,0,20,2,3,0,0,0.00000,0,0,0,0
grep,2,fatex_30,1,93,1,5,completed,0,0,1,0.04099,0.04227,48,48,60842,84197,3633024,5,0,45,0,17,3,2,0,0,0.00000,0,0,0,0
grep,2,fatex_31,0,,,66,budget_exceeded,1,0,0,,1.00182,374,374,630607,1565536,169708288,67,0,197,0,104,8,94,0,0,0.00000,0,0,1,1
grep,2,fatex_32,0,,,96,budget_exceeded,1,0,0,,1.00010,419,419,583803,1140446,213943808,97,0,169,0,79,2,115,0,0,0.00000,0,0,1,1
grep,2,fatex_33,1,515,7,11,completed,0,0,1,0.28306,0.29120,100,100,203361,509705,42861312,11,0,93,0,32,4,10,0,0,0.00000,0,0,0,0
grep,2,fatex_34,0,,,185,budget_exceeded,0,0,0,,1.00041,623,623,493131,997204,232910976,185,0,137,0,120,4,224,0,0,0.00000,0,0,1,1
grep,2,fatex_35,1,6,1,1,completed,0,0,1,0.00105,0.00111,6,6,5383,1046,21120,1,0,2,0,2,0,1,0,0,0.00000,0,0,0,0
grep,2,fatex_36,1,179,5,17,completed,0,0,1,0.12223,0.12570,121,121,162968,151729,21571584,17,0,87,0,35,2,16,0,0,0.00000,0,0,0,0
grep,2,fatex_37,0,,,104,budget_exceeded,1,0,0,,1.10664,425,425,470006,1740786,197648000,104,0,125,0,92,3,132,0,0,0.00000,0,0,1,1
grep,2,fatex_38,1,179,15,101,completed,0,0,1,0.53879,0.55311,311,311,273083,485488,135338112,101,0,79,0,55,4,104,0,0,0.00000,0,0,0,0
grep,2,fatex_39,1,135,1,8,completed,0,0,1,0.14327,0.14613,100,100,178783,230163,20235520,8,0,92,0,33,4,6,0,0,0.00000,0,0,0,0
grep,2,fatex_40,1,141,5,9,completed,0,0,1,0.08240,0.08455,74,74,102188,161770,8908288,9,0,62,0,19,2,10,0,0,0.00000,0,0,0,0
grep,2,fatex_41,0,,,44,budget_exceeded,2,0,0,,1.00156,234,234,366163,2205771,118813824,44,0,135,0,56,6,74,0,0,0.00000,0,0,1,1
grep,2,fatex_42,1,826,64,52,completed,0,0,1,0.51306,0.52712,222,222,298330,542437,119098240,52,0,52,0,69,4,66,0,0,0.00000,0,0,0,0
grep,2,fatex_43,0,,,9,completed,17,1,0,,0.17704,52,109,110744,332806,24411520,9,0,36,0,17,1,7,0,0,0.00000,0,0,0,0
grep,2,fatex_44,0,,,73,budget_exceeded,2,1,0,,1.00118,269,433,599571,1164351,211152000,73,0,134,0,43,9,93,0,0,0.00000,0,0,0,1
grep,2,fatex_45,1,657,25,94,completed,1,0,1,0.69117,0.71875,302,309,317200,606221,180215936,94,0,83,0,51,0,99,0,0,0.00000,0,0,0,0
grep,2,fatex_46,1,71,1,5,completed,0,0,1,0.03554,0.03674,46,46,74075,59788,3438464,5,0,43,0,10,1,4,0,0,0.00000,0,0,0,0
grep,2,fatex_47,0,,,112,budget_exceeded,0,0,0,,1.00047,540,540,663736,1009652,223158400,112,0,180,0,164,3,166,0,0,0.00000,0,0,1,1
grep,2,fatex_48,1,176,5,56,completed,1,0,1,0.21647,0.22365,193,196,189589,232171,47177344,56,0,70,0,36,2,57,0,0,0.00000,0,0,0,0
grep,2,fatex_49,1,235,6,5,completed,0,0,1,0.04030,0.04199,40,40,59509,88187,3200896,5,0,33,0,15,1,4,0,0,0.00000,0,0,0,0
grep,2,fatex_50,0,,,116,budget_exceeded,0,0,0,,1.00165,470,470,517665,1149437,216903680,117,0,135,0,92,44,116,0,0,0.00000,0,0,1,1
grep,2,fatex_51,1,118,4,4,completed,0,0,1,0.05063,0.05228,45,45,101718,91116,4472576,4,0,31,0,13,1,3,0,0,0.00000,0,0,0,0
grep,2,fatex_52,1,83,1,6,completed,0,0,1,0.08683,0.08882,86,86,130181,141624,11049472,6,0,85,0,30,1,5,0,0,0.00000,0,0,0,0
grep,2,fatex_53,1,968,50,72,completed,1,0,1,0.66716,0.67120,333,333,473723,680204,148006912,72,0,111,0,101,0,94,0,0,0.00000,0,0,1,1
grep,2,fatex_54,1,109,1,3,completed,0,0,1,0.03548,0.03675,34,34,57476,79021,2347392,3,0,35,0,8,1,2,0,0,0.00000,0,0,0,0
grep,2,fatex_55,1,190,1,6,completed,0,0,1,0.09715,0.09961,88,88,115280,189236,10887296,6,0,112,0,23,5,1,0,0,0.00000,0,0,0,0
grep,2,fatex_56,0,,,39,completed,30,1,0,,0.71292,143,264,410160,1108863,123219968,39,0,67,0,32,8,31,0,0,0.00000,0,0,0,1
grep,2,fatex_57,1,171,2,7,completed,0,0,1,0.06219,0.06462,63,63,102171,108726,7097344,7,0,50,0,21,1,5,0,0,0.00000,0,0,0,0
grep,2,fatex_58,0,,,139,budget_exceeded,0,0,0,,1.00038,501,501,587157,1043534,223566464,139,0,115,0,88,8,165,0,0,0.00000,0,0,1,1
grep,2,fatex_59,1,233,15,14,completed,0,0,1,0.09790,0.10035,84,84,128738,164408,12960768,14,0,52,0,25,3,11,0,0,0.00000,0,0,0,0
grep,2,fatex_61,0,,,108,budget_exceeded,0,0,0,,1.00472,493,493,500968,919901,241790720,108,0,168,0,92,9,201,0,0,0.00000,0,0,1,1
grep,2,fatex_62,0,,,71,budget_exceeded,1,1,0,,1.00066,322,525,668608,1004477,223500672,71,0,120,0,61,16,92,0,0,0.00000,0,0,0,1
grep,2,fatex_64,1,974,83,46,completed,2,0,1,0.45964,0.48418,194,202,273329,586077,100647168,46,0,96,0,43,12,41,0,0,0.00000,0,0,0,0
grep,2,fatex_65,0,,,34,budget_exceeded,17,1,0,,1.00076,145,502,547566,949670,235067392,34,0,89,0,35,0,36,0,0,0.00000,0,0,0,1
grep,2,fatex_66,1,1313,33,84,budget_exceeded,2,0,1,0.99596,1.00125,355,356,476674,1498919,183863936,84,0,162,0,69,11,108,0,0,0.00000,0,0,1,1
grep,2,fatex_67,1,289,7,11,completed,0,0,1,0.13327,0.13739,92,92,153692,237622,17619584,11,0,74,0,20,1,12,0,0,0.00000,0,0,0,0
grep,2,fatex_68,1,399,6,5,completed,0,0,1,0.12709,0.13081,83,83,175775,228827,15048192,5,0,85,0,32,2,3,0,0,0.00000,0,0,0,0
grep,2,fatex_69,1,457,9,26,completed,0,0,1,0.15243,0.15612,122,122,150506,246224,23610752,26,0,74,0,22,2,27,0,0,0.00000,0,0,0,0
grep,2,fatex_70,1,29,1,2,completed,0,0,1,0.00899,0.00950,17,17,19277,20733,354688,2,0,17,0,6,1,1,0,0,0.00000,0,0,0,0
grep,2,fatex_71,0,,,15,completed,11,1,0,,0.31110,77,196,187019,439721,57783168,15,0,55,0,23,0,15,0,0,0.00000,0,0,0,0
grep,2,fatex_72,0,,,35,completed,15,1,0,,0.38477,140,169,232641,575160,68270208,35,0,71,0,29,1,38,0,0,0.00000,0,0,0,0
grep,2,fatex_73,0,,,20,budget_exceeded,3,1,0,,1.00017,91,498,433935,895343,245973248,20,0,68,0,22,4,14,0,0,0.00000,0,0,0,1
grep,2,fatex_74,0,,,26,budget_exceeded,11,1,0,,1.00251,132,481,324152,579616,283870208,26,0,99,0,23,0,28,0,0,0.00000,0,0,0,0
grep,2,fatex_76,1,481,15,8,completed,0,0,1,0.11011,0.11240,71,71,155388,196020,12771712,8,0,40,0,35,3,5,0,0,0.00000,0,0,0,0
grep,2,fatex_78,0,,,16,completed,11,1,0,,0.21810,101,141,170129,371377,32247296,16,0,91,0,25,0,15,0,0,0.00000,0,0,0,0
grep,2,fatex_79,0,,,6,completed,8,1,0,,0.08652,42,65,98755,171382,8825600,6,0,66,0,11,0,6,0,0,0.00000,0,0,0,0
grep,2,fatex_80,0,,,11,completed,11,1,0,,0.16758,65,107,125600,316613,21908352,11,0,46,0,17,2,9,0,0,0.00000,0,0,0,0
grep,2,fatex_82,0,,,3,completed,9,1,0,,0.09254,61,114,82168,151437,13798144,3,0,88,0,7,0,3,0,0,0.00000,0,0,0,0
grep,2,fatex_83,1,446,6,18,completed,0,0,1,0.18199,0.18495,122,122,228037,252875,29362688,18,0,86,0,32,3,19,0,0,0.00000,0,0,0,0
grep,2,fatex_84,1,108,1,7,completed,0,0,1,0.07322,0.07509,64,64,87536,149175,7523968,7,0,51,0,22,1,6,0,0,0.00000,0,0,0,0
grep,2,fatex_85,0,,,40,budget_exceeded,0,0,0,,1.00049,348,348,218929,1528683,193502336,40,0,49,0,17,260,6,0,0,0.00000,0,0,1,1
grep,2,fatex_86,0,,,63,budget_exceeded,1,1,0,,1.00029,353,407,389464,1346357,203137024,63,0,144,0,49,104,62,0,0,0.00000,0,0,1,1
grep,2,fatex_87,0,,,40,budget_exceeded,10,1,0,,1.00222,114,277,611571,1557944,171561472,40,0,40,0,3,27,23,0,0,0.00000,0,0,0,1
grep,2,fatex_88,1,951,68,129,completed,2,0,1,0.97789,0.99610,465,476,500859,924394,238267776,129,0,121,0,103,7,144,0,0,0.00000,0,0,1,1
grep,2,fatex_89,1,591,2,14,completed,0,0,1,0.23711,0.24080,104,104,243544,359677,37853696,14,0,66,0,38,3,22,0,0,0.00000,0,0,0,0
grep,2,fatex_90,0,,,9,completed,11,1,0,,0.55731,56,73,232299,1530024,34423296,9,0,38,0,26,6,2,0,0,0.00000,0,0,0,0
grep,2,fatex_91,0,,,107,budget_exceeded,0,0,0,,1.00245,416,416,592686,1215999,206783360,107,0,149,0,79,9,123,0,0,0.00000,0,0,1,1
grep,2,fatex_92,0,,,8,completed,11,1,0,,0.26410,57,89,159027,557899,30580608,8,0,46,0,18,1,8,0,0,0.00000,0,0,0,0
grep,2,fatex_93,0,,,3,completed,7,1,0,,0.11519,30,46,48729,319176,6783488,3,0,28,0,14,0,0,0,0,0.00000,0,0,0,0
grep,2,fatex_94,0,,,18,completed,16,1,0,,0.21596,69,106,115375,407625,30596096,18,0,34,0,17,0,19,0,0,0.00000,0,0,0,0
grep,2,fatex_95,0,,,109,budget_exceeded,1,1,0,,1.00037,356,394,555745,1274245,202064256,109,0,60,0,67,17,123,0,0,0.00000,0,0,1,1
grep,2,fatex_96,0,,,99,budget_exceeded,9,1,0,,1.00104,299,345,418284,1512002,185401600,99,0,45,0,38,4,125,0,0,0.00000,0,0,1,1
grep,2,fatex_97,0,,,40,budget_exceeded,2,1,0,,1.00106,173,448,491944,1217207,211205120,40,0,77,0,35,2,56,0,0,0.00000,0,0,0,1
grep,2,fatex_98,0,,,26,completed,11,1,0,,0.40172,120,136,326750,668495,60284416,26,0,76,0,24,5,25,0,0,0.00000,0,0,0,0
grep,2,fatex_100,0,,,19,completed,8,1,0,,0.31674,128,148,194080,540009,49416832,19,0,136,0,25,8,12,0,0,0.00000,0,0,0,0
semantic,1,fatex_1,1,322,12,15,completed,0,0,1,0.07748,0.08151,58,58,62798,190703,6900096,15,0,0,42,11,11,4,0,0,0.00000,0,0,0,0
semantic,1,fatex_3,1,375,19,41,completed,0,0,1,0.16934,0.17446,130,130,82222,324080,25788160,41,0,0,62,10,23,29,0,0,0.00000,0,0,0,0
semantic,1,fatex_4,1,644,9,37,completed,1,0,1,0.11291,0.12079,104,108,79604,222798,16879872,37,0,0,36,6,2,37,0,0,0.00000,0,0,0,0
semantic,1,fatex_5,1,211,7,16,completed,0,0,1,0.05681,0.05958,66,66,61734,124719,5720448,16,0,0,46,9,6,11,0,0,0.00000,0,0,0,0
semantic,1,fatex_6,1,491,18,44,completed,1,0,1,0.21966,0.22992,131,135,107952,381195,38598528,44,0,0,61,16,37,6,0,0,0.00000,0,0,0,0
semantic,1,fatex_7,1,385,8,25,completed,1,0,1,0.13134,0.13969,97,100,76002,275556,18531968,25,0,0,54,13,21,8,0,0,0.00000,0,0,0,0
semantic,1,fatex_8,1,284,4,16,completed,0,0,1,0.07078,0.07320,62,62,83994,169752,4969728,16,0,0,44,9,8,8,0,0,0.00000,0,0,0,0
semantic,1,fatex_9,1,123,1,4,completed,0,0,1,0.04213,0.04364,46,46,31938,109396,3050752,4,0,0,62,7,1,3,0,0,0.00000,0,0,0,0
semantic,1,fatex_10,0,,,166,budget_exceeded,0,0,0,,1.00074,506,506,370190,859792,252916992,166,0,0,97,81,11,194,0,0,0.00000,0,0,1,1
semantic,1,fatex_11,1,682,48,7,completed,1,0,1,0.13429,0.14223,43,46,94773,344734,11584128,7,0,0,37,11,2,7,0,0,0.00000,0,0,0,0
semantic,1,fatex_12,1,978,69,167,completed,1,0,1,0.93500,0.94311,479,485,329208,914141,228952064,167,0,0,179,33,74,111,0,0,0.00000,0,0,1,1
semantic,1,fatex_14,1,91,2,3,completed,0,0,1,0.02455,0.02555,24,24,14743,74988,888064,3,0,0,23,6,2,1,0,0,0.00000,0,0,0,0
semantic,1,fatex_16,1,439,9,64,completed,0,0,1,0.40802,0.41242,221,221,205446,533344,83687808,64,0,0,135,21,43,25,0,0,0.00000,0,0,0,0
semantic,1,fatex_17,0,,,137,budget_exceeded,1,1,0,,1.00020,461,497,378825,1072865,230986752,137,0,0,131,48,9,193,0,0,0.00000,0,0,1,1
semantic,1,fatex_18,0,,,69,budget_exceeded,8,1,0,,1.00114,189,448,513683,1028664,228999168,69,0,0,37,11,36,48,0,0,0.00000,0,0,0,1
semantic,1,fatex_19,1,1972,202,125,completed,1,0,1,0.76593,0.77180,383,388,362227,879936,169537024,125,0,0,66,62,13,148,0,0,0.00000,0,0,1,1
semantic,1,fatex_20,1,758,5,56,completed,0,0,1,0.43748,0.45087,233,233,182842,578222,94061696,56,0,0,142,40,4,62,0,0,0.00000,0,0,0,0
semantic,1,fatex_21,1,191,5,12,completed,0,0,1,0.07617,0.07966,58,58,86728,163827,7731456,12,0,0,37,18,7,5,0,0,0.00000,0,0,0,0
semantic,1,fatex_22,1,103,1,9,completed,0,0,1,0.03912,0.04085,42,42,30828,105598,2487424,9,0,0,39,6,4,4,0,0,0.00000,0,0,0,0
semantic,1,fatex_24,1,928,45,26,completed,0,0,1,0.23482,0.24277,114,114,115028,449764,35974272,26,0,0,50,21,4,39,0,0,0.00000,0,0,0,0
semantic,1,fatex_25,0,,,106,budget_exceeded,6,1,0,,1.00211,425,497,513638,1236230,208589824,106,0,0,138,83,9,129,0,0,0.00000,0,0,1,1
semantic,1,fatex_26,1,1249,20,122,completed,1,0,1,0.68615,0.69183,368,375,408993,743430,152287744,122,0,0,87,54,35,109,0,0,0.00000,0,0,1,1
semantic,1,fatex_27,1,406,6,30,completed,0,0,1,0.20458,0.21056,121,121,123774,366408,32370944,30,0,0,60,31,8,29,0,0,0.00000,0,0,0,0
semantic,1,fatex_28,0,,,84,completed,17,1,0,,0.96026,235,410,385233,1213634,202323328,84,0,0,86,14,46,48,0,0,0.00000,0,0,0,1
semantic,1,fatex_29,1,67,2,10,completed,0,0,1,0.01919,0.01993,48,48,29138,42239,1436928,10,0,0,50,2,9,1,0,0,0.00000,0,0,0,0
semantic,1,fatex_30,1,102,1,8,completed,0,0,1,0.01816,0.01945,30,30,28667,46436,868224,8,0,0,19,2,2,6,0,0,0.00000,0,0,0,0
semantic,1,fatex_31,0,,,160,budget_exceeded,0,0,0,,1.00442,557,557,399325,972958,241458944,160,0,0,115,121,7,204,0,0,0.00000,0,0,1,1
semantic,1,fatex_32,0,,,43,completed,11,1,0,,0.40256,181,199,159370,665945,69207808,43,0,0,140,17,22,27,0,0,0.00000,0,0,0,0
semantic,1,fatex_33,1,406,4,24,completed,0,0,1,0.24180,0.24874,109,109,70008,482187,37115648,24,0,0,91,14,4,22,0,0,0.00000,0,0,0,0
semantic,1,fatex_34,0,,,3,budget_exceeded,0,0,0,,1.00003,477,477,167634,990725,249699456,3,0,0,65,7,436,0,0,0,0.00000,0,0,1,1
semantic,1,fatex_35,1,6,1,1,completed,0,0,1,0.00049,0.00054,5,5,2185,745,9088,1,0,0,2,1,0,1,0,0,0.00000,0,0,0,0
semantic,1,fatex_36,1,571,20,113,completed,0,0,1,0.66649,0.69295,396,396,254727,507115,184034048,113,0,0,76,91,4,150,0,0,0.00000,0,0,0,0
semantic,1,fatex_37,1,1481,40,98,completed,1,0,1,0.66465,0.67099,354,358,510106,769060,137229568,98,0,0,104,66,13,120,0,0,0.00000,0,0,1,1
semantic,1,fatex_38,1,210,14,37,completed,0,0,1,0.16319,0.16736,114,114,111905,307661,23409792,37,0,0,44,12,2,40,0,0,0.00000,0,0,0,0
semantic,1,fatex_39,1,266,3,30,completed,0,0,1,0.12060,0.12379,100,100,76655,253495,15028480,30,0,0,66,5,27,4,0,0,0.00000,0,0,0,0
semantic,1,fatex_40,1,119,2,9,completed,0,0,1,0.05312,0.05480,54,54,49035,128437,4276224,9,0,0,66,2,8,1,0,0,0.00000,0,0,0,0
semantic,1,fatex_41,1,1601,59,101,completed,1,0,1,0.72583,0.73526,370,376,315572,869989,159813632,101,0,0,107,81,2,122,0,0,0.00000,0,0,1,1
semantic,1,fatex_42,1,936,37,34,completed,1,0,1,0.20593,0.22655,126,137,202337,369206,33873536,34,0,0,50,31,15,20,0,0,0.00000,0,0,0,0
semantic,1,fatex_43,0,,,25,completed,14,1,0,,0.13158,77,145,89020,220803,20462976,25,0,0,47,6,14,10,0,0,0.00000,0,0,0,0
semantic,1,fatex_44,0,,,149,budget_exceeded,2,0,0,,1.00010,477,477,395676,1214871,215908864,149,0,0,115,79,10,172,0,0,0.00000,0,0,1,1
semantic,1,fatex_45,1,173,5,49,completed,0,0,1,0.24321,0.24669,191,191,150356,353253,45262208,49,0,0,130,20,5,45,0,0,0.00000,0,0,0,0
semantic,1,fatex_46,1,72,1,4,completed,0,0,1,0.02175,0.02293,29,29,21015,59311,1205760,4,0,0,38,2,1,2,0,0,0.00000,0,0,0,0
semantic,1,fatex_47,0,,,145,budget_exceeded,0,0,0,,1.00021,501,501,378429,1051684,233129728,145,0,0,163,88,4,180,0,0,0.00000,0,0,1,1
semantic,1,fatex_48,1,189,4,12,completed,1,0,1,0.06159,0.06586,54,57,53605,149125,5928832,12,0,0,33,14,7,5,0,0,0.00000,0,0,0,0
semantic,1,fatex_49,1,222,4,8,completed,0,0,1,0.03533,0.03764,28,28,20156,107344,1699200,8,0,0,12,5,2,6,0,0,0.00000,0,0,0,0
semantic,1,fatex_50,1,803,21,53,completed,1,0,1,0.40170,0.41813,216,221,168501,533634,87543936,53,0,0,115,40,13,49,0,0,0.00000,0,0,0,0
semantic,1,fatex_51,1,128,3,9,completed,0,0,1,0.05350,0.05621,79,79,58828,111547,5977984,9,0,0,106,9,1,8,0,0,0.00000,0,0,0,0
semantic,1,fatex_52,1,68,1,4,completed,0,0,1,0.02104,0.02190,26,26,32059,53178,901248,4,0,0,31,2,2,3,0,0,0.00000,0,0,0,0
semantic,1,fatex_53,1,1232,103,198,completed,2,0,1,0.98425,0.99645,516,525,390374,936210,242733952,198,0,0,112,35,5,221,0,0,0.00000,0,0,1,1
semantic,1,fatex_54,1,91,1,8,completed,0,0,1,0.04502,0.04649,27,27,23321,130707,2366080,8,0,0,13,4,3,4,0,0,0.00000,0,0,0,0
semantic,1,fatex_55,1,366,3,8,completed,0,0,1,0.08630,0.09044,42,42,112415,205483,6129664,8,0,0,22,11,9,2,0,0,0.00000,0,0,0,0
semantic,1,fatex_56,0,,,31,budget_exceeded,1,1,0,,1.00109,135,640,373451,969680,241892608,31,0,0,123,11,1,30,0,0,0.00000,0,0,0,1
semantic,1,fatex_57,1,410,8,23,completed,0,0,1,0.07836,0.08004,61,61,66822,172262,8017792,23,0,0,10,7,17,9,0,0,0.00000,0,0,0,0
semantic,1,fatex_58,1,486,1,40,completed,1,0,1,0.29712,0.31051,160,164,214363,444437,55732864,40,0,0,114,22,6,35,0,0,0.00000,0,0,0,0
semantic,1,fatex_59,1,232,12,9,completed,0,0,1,0.05719,0.06050,52,52,81034,132597,4294784,9,0,0,46,9,1,11,0,0,0.00000,0,0,0,0
semantic,1,fatex_61,0,,,87,budget_exceeded,3,1,0,,1.00237,261,515,432334,978478,238524672,87,0,0,107,16,73,33,0,0,0.00000,0,0,0,1
semantic,1,fatex_62,0,,,111,completed,27,1,0,,0.97082,410,542,667345,934525,219901184,111,0,0,172,55,3,146,0,0,0.00000,0,0,1,1
semantic,1,fatex_64,0,,,113,budget_exceeded,6,1,0,,1.00164,358,530,487102,1035047,229867648,113,0,0,67,52,6,151,0,0,0.00000,0,0,1,1
semantic,1,fatex_65,0,,,99,budget_exceeded,2,1,0,,1.00075,311,633,633709,842529,241472256,99,0,0,140,20,13,105,0,0,0.00000,0,0,0,1
semantic,1,fatex_66,0,,,21,completed,12,1,0,,0.43613,79,154,114549,795563,70478720,21,0,0,42,9,25,5,0,0,0.00000,0,0,0,0
semantic,1,fatex_67,1,254,8,11,completed,0,0,1,0.05787,0.05986,43,43,49371,148946,4014080,11,0,0,29,8,7,3,0,0,0.00000,0,0,0,0
semantic,1,fatex_68,0,,,36,budget_exceeded,0,0,0,,1.00087,389,389,259989,1598165,184639360,36,0,0,109,5,280,14,0,0,0.00000,0,0,1,1
semantic,1,fatex_69,1,477,9,25,completed,0,0,1,0.17518,0.17940,123,123,120403,320700,25981312,25,0,0,88,23,20,13,0,0,0.00000,0,0,0,0
semantic,1,fatex_70,1,68,3,9,completed,0,0,1,0.01699,0.01793,38,38,20899,43235,1035776,9,0,0,30,6,8,0,0,0,0.00000,0,0,0,0
semantic,1,fatex_71,0,,,74,budget_exceeded,6,1,0,,1.00336,213,495,653621,1142799,211381504,74,0,0,70,13,8,87,0,0,0.00000,0,0,0,1
semantic,1,fatex_72,0,,,73,completed,22,1,0,,0.67047,260,344,275125,680568,157641984,73,0,0,118,16,0,109,0,0,0.00000,0,0,0,0
semantic,1,fatex_73,0,,,7,budget_exceeded,15,1,0,,1.00035,45,485,333952,973523,243219584,7,0,0,49,9,0,6,0,0,0.00000,0,0,0,1
semantic,1,fatex_74,0,,,5,budget_exceeded,4,1,0,,1.00165,28,655,259874,509930,293744128,5,0,0,30,4,0,4,0,0,0.00000,0,0,0,0
semantic,1,fatex_76,1,418,14,15,completed,0,0,1,0.09309,0.09691,84,84,78837,202647,10405376,15,0,0,53,23,4,17,0,0,0.00000,0,0,0,0
semantic,1,fatex_78,0,,,22,completed,29,1,0,,0.66630,137,369,174644,703380,158895360,22,0,0,139,21,0,32,0,0,0.00000,0,0,0,0
semantic,1,fatex_79,0,,,21,completed,19,1,0,,0.25877,121,173,143460,405471,44698624,21,0,0,138,9,7,15,0,0,0.00000,0,0,0,0
semantic,1,fatex_80,0,,,16,completed,23,1,0,,0.55764,56,314,170920,619431,128667520,16,0,0,36,6,0,15,0,0,0.00000,0,0,0,0
semantic,1,fatex_82,0,,,45,budget_exceeded,195,1,0,,1.00200,162,606,353290,498873,290303616,45,0,0,120,17,43,0,0,0,0.00000,0,0,0,0
semantic,1,fatex_83,1,585,11,47,completed,0,0,1,0.17416,0.17688,151,151,149719,280223,27661568,47,0,0,94,13,26,21,0,0,0.00000,0,0,0,0
semantic,1,fatex_84,1,108,1,14,completed,0,0,1,0.05916,0.06069,59,59,48416,135934,5659392,14,0,0,40,12,4,10,0,0,0.00000,0,0,0,0
semantic,1,fatex_85,0,,,18,completed,26,1,0,,0.95974,134,325,133366,1381161,197978880,18,0,0,64,9,77,0,0,0,0.00000,0,0,0,1
semantic,1,fatex_86,0,,,35,budget_exceeded,1,1,0,,1.00191,187,389,352144,1489950,191221504,35,0,0,106,9,71,21,0,0,0.00000,0,0,0,1
semantic,1,fatex_87,0,,,10,completed,14,1,0,,0.25156,49,82,53233,564412,30738816,10,0,0,38,5,13,3,0,0,0.00000,0,0,0,0
semantic,1,fatex_88,0,,,24,budget_exceeded,143,1,0,,1.00009,83,391,142013,824149,267658496,24,0,0,57,9,4,18,0,0,0.00000,0,0,0,0
semantic,1,fatex_89,1,416,7,34,completed,0,0,1,0.13263,0.13604,107,107,65547,266286,18680576,34,0,0,49,10,19,17,0,0,0.00000,0,0,0,0
semantic,1,fatex_90,0,,,20,budget_exceeded,2,1,0,,1.00107,320,383,147634,1586781,191465472,20,0,0,61,5,262,1,0,0,0.00000,0,0,1,1
semantic,1,fatex_91,0,,,114,budget_exceeded,2,1,0,,1.00079,296,483,613265,1029781,223783296,114,0,0,52,26,5,122,0,0,0.00000,0,0,0,1
semantic,1,fatex_92,0,,,69,completed,12,1,0,,0.46028,159,377,206789,435748,110472704,69,0,0,15,11,4,70,0,0,0.00000,0,0,0,0
semantic,1,fatex_93,0,,,6,budget_exceeded,1,1,0,,1.00042,30,482,178346,709707,277404288,6,0,0,24,9,5,0,0,0,0.00000,0,0,0,0
semantic,1,fatex_94,0,,,10,completed,12,1,0,,0.10618,48,84,57214,241906,10870144,10,0,0,43,10,2,7,0,0,0.00000,0,0,0,0
semantic,1,fatex_95,0,,,163,budget_exceeded,0,0,0,,1.01345,437,437,430553,885833,251835904,163,0,0,45,52,7,185,0,0,0.00000,0,0,1,1
semantic,1,fatex_96,0,,,14,completed,15,1,0,,0.40097,66,208,121971,575480,79558528,14,0,0,58,13,2,11,0,0,0.00000,0,0,0,0
semantic,1,fatex_97,0,,,98,budget_exceeded,1,0,0,,1.00170,427,427,308524,1137431,228579456,98,0,0,79,52,2,223,0,0,0.00000,0,0,1,1
semantic,1,fatex_98,0,,,43,budget_exceeded,0,0,0,,1.00119,421,421,227743,1348940,211285376,43,0,0,130,41,12,264,0,0,0.00000,0,0,1,1
semantic,1,fatex_100,0,,,23,budget_exceeded,2,1,0,,1.00224,87,475,284945,605449,283151744,23,0,0,66,6,16,9,0,0,0.00000,0,0,0,0
snippetonly,1,fatex_1,1,305,7,4,completed,0,0,1,0.06793,0.07010,30,30,73831,173667,3978624,4,11,0,0,7,2,5,0,0,0.00000,0,0,0,0
snippetonly,1,fatex_3,1,668,21,6,completed,2,0,1,0.20507,0.22169,137,146,116053,377845,35589120,6,105,0,0,15,3,7,0,0,0.00000,0,0,0,0
snippetonly,1,fatex_4,1,585,10,3,completed,0,0,1,0.11595,0.11822,70,70,54096,281863,11329024,3,59,0,0,5,1,1,0,0,0.00000,0,0,0,0
snippetonly,1,fatex_5,1,420,7,6,completed,0,0,1,0.15504,0.15758,85,85,73939,319624,20620032,6,61,0,0,13,2,5,0,0,0.00000,0,0,0,0
snippetonly,1,fatex_6,1,452,3,5,completed,0,0,1,0.16841,0.17241,105,105,104995,310531,25273472,5,87,0,0,9,1,4,0,0,0.00000,0,0,0,0
snippetonly,1,fatex_7,1,346,12,1,completed,0,0,1,0.06607,0.06690,36,36,35168,184462,3686784,1,29,0,0,6,1,0,0,0,0.00000,0,0,0,0
snippetonly,1,fatex_8,1,284,6,3,completed,0,0,1,0.04488,0.04668,45,45,36703,114581,3377920,3,35,0,0,4,1,2,0,0,0.00000,0,0,0,0
snippetonly,1,fatex_9,1,189,4,4,completed,0,0,1,0.04743,0.04904,57,57,64869,102175,4053120,4,42,0,0,7,1,3,0,0,0.00000,0,0,0,0
snippetonly,1,fatex_10,1,1401,111,60,completed,2,0,1,0.71050,0.71595,316,328,326528,767002,162668288,60,105,0,0,70,6,80,0,0,0.00000,0,0,1,1
snippetonly,1,fatex_11,1,715,38,7,completed,0,0,1,0.20236,0.20693,80,80,121287,400720,27767296,7,22,0,0,26,1,23,0,0,0.00000,0,0,0,0
snippetonly,1,fatex_12,1,989,50,43,completed,1,0,1,0.37861,0.39603,184,188,177965,552776,77264512,43,58,0,0,33,3,51,0,0,0.00000,0,0,0,0
snippetonly,1,fatex_14,1,168,7,1,completed,0,0,1,0.02339,0.02386,12,12,15004,71985,572544,1,7,0,0,2,1,0,0,0,0.00000,0,0,0,0
snippetonly,1,fatex_16,1,278,4,16,completed,0,0,1,0.21343,0.21876,132,132,171088,345648,35010432,16,87,0,0,10,1,17,0,0,0.00000,0,0,0,0
snippetonly,1,fatex_17,0,,,60,budget_exceeded,4,1,0,,1.00335,352,400,432161,1596448,177087232,60,149,0,0,71,2,73,0,0,0.00000,0,0,1,1
snippetonly,1,fatex_18,0,,,24,budget_exceeded,4,0,0,,1.01481,248,248,388218,2413154,101706880,24,162,0,0,21,6,29,0,0,0.00000,0,0,1,1
snippetonly,1,fatex_19,1,2211,209,65,completed,4,0,1,0.77865,0.79790,375,394,295267,919746,178226176,65,183,0,0,53,2,67,0,0,0.00000,0,0,1,1
snippetonly,1,fatex_20,0,,,38,budget_exceeded,2,1,0,,1.00146,180,342,525501,1544735,176917504,38,71,0,0,19,5,55,0,0,0.00000,0,0,0,1
snippetonly,1,fatex_21,1,72,1,1,completed,1,0,1,0.04951,0.05339,40,44,50119,123408,4221184,1,32,0,0,5,1,0,0,0,0.00000,0,0,0,0
snippetonly,1,fatex_22,1,140,3,2,completed,0,0,1,0.03631,0.03765,58,58,57543,73529,3217152,2,53,0,0,8,1,1,0,0,0.00000,0,0,0,0
snippetonly,1,fatex_24,0,,,69,completed,4,1,1,0.85957,0.88653,268,378,568021,1069521,181265024,69,56,0,0,35,5,101,0,0,0.00000,0,0,0,1
snippetonly,1,fatex_25,0,,,50,budget_exceeded,0,0,0,,1.00106,491,491,425214,1192702,216991232,50,277,0,0,58,1,105,0,0,0.00000,0,0,1,1
snippetonly,1,fatex_26,1,1587,22,45,completed,1,0,1,0.86397,0.87315,440,445,401628,933974,198359296,45,256,0,0,80,0,56,0,0,0.00000,0,0,1,1
snippetonly,1,fatex_27,1,1180,12,31,completed,1,0,1,0.55449,0.56633,241,254,359737,789070,105367680,31,131,0,0,42,4,41,0,0,0.00000,0,0,1,1
snippetonly,1,fatex_28,0,,,12,completed,15,1,0,,0.34926,121,159,272418,541195,56996992,12,88,0,0,8,2,9,0,0,0.00000,0,0,0,0
snippetonly,1,fatex_29,1,112,2,2,completed,0,0,1,0.03481,0.03593,47,47,71652,66616,2588032,2,38,0,0,5,1,1,0,0,0.00000,0,0,0,0
snippetonly,1,fatex_30,1,138,1,3,completed,0,0,1,0.02736,0.02841,25,25,19773,78019,1355520,3,15,0,0,3,0,3,0,0,0.00000,0,0,0,0
snippetonly,1,fatex_31,0,,,105,budget_exceeded,0,0,0,,1.00121,514,514,340427,847736,255780736,105,226,0,0,62,1,125,0,0,0.00000,0,0,1,1
snippetonly,1,fatex_32,0,,,13,completed,10,1,0,,0.34887,120,140,155372,707762,46052736,13,88,0,0,6,2,10,0,0,0.00000,0,0,0,0
snippetonly,1,fatex_33,0,,,66,budget_exceeded,4,1,0,,1.01954,279,289,298295,1972209,151985536,66,107,0,0,17,14,75,0,0,0.00000,0,0,1,1
snippetonly,1,fatex_34,0,,,10,budget_exceeded,0,0,0,,1.00045,341,341,310097,1546444,187153024,10,76,0,0,7,234,13,0,0,0.00000,0,0,1,1
snippetonly,1,fatex_35,1,295,4,1,completed,0,0,1,0.04085,0.04145,27,27,34511,113119,1767808,1,20,0,0,5,1,0,0,0,0.00000,0,0,0,0
snippetonly,1,fatex_36,1,389,8,5,completed,0,0,1,0.34532,0.34915,229,229,191708,439000,71212544,5,211,0,0,7,1,4,0,0,0.00000,0,0,0,0
snippetonly,1,fatex_37,1,1954,92,112,completed,1,0,1,0.93337,0.94328,469,474,433398,996715,215544320,112,150,0,0,57,2,146,0,0,0.00000,0,0,1,1
snippetonly,1,fatex_38,1,262,11,13,completed,1,0,1,0.25936,0.26999,168,171,117267,448002,45761920,13,127,0,0,11,8,8,0,0,0.00000,0,0,0,0
snippetonly,1,fatex_39,0,,,27,budget_exceeded,4,1,0,,1.00281,187,351,648190,1559691,169767808,27,104,0,0,17,4,34,0,0,0.00000,0,0,0,1
snippetonly,1,fatex_40,1,872,16,19,completed,1,0,1,0.33792,0.41706,185,214,187815,522256,87334528,19,107,0,0,34,1,24,0,0,0.00000,0,0,0,0
snippetonly,1,fatex_41,1,2072,87,57,completed,1,0,1,0.64383,0.65559,269,275,414215,1005702,112857216,57,71,0,0,56,5,78,0,0,0.00000,0,0,1,1
snippetonly,1,fatex_42,1,1797,78,78,completed,1,0,1,0.82657,0.82850,384,384,328699,733295,206127488,78,104,0,0,81,3,115,0,0,0.00000,0,0,1,1
snippetonly,1,fatex_43,0,,,5,completed,11,1,0,,0.24876,91,197,167316,386052,41872640,5,71,0,0,10,0,3,0,0,0.00000,0,0,0,0
snippetonly,1,fatex_44,0,,,73,budget_exceeded,2,1,0,,1.00257,389,442,461103,1292744,205731072,73,160,0,0,53,3,97,0,0,0.00000,0,0,1,1
snippetonly,1,fatex_45,1,430,15,80,completed,1,0,1,0.78611,0.79591,380,383,344841,672253,199786368,80,165,0,0,38,2,94,0,0,0.00000,0,0,1,1
snippetonly,1,fatex_46,1,312,7,6,completed,0,0,1,0.08965,0.09322,54,54,68325,217703,8107904,6,32,0,0,12,4,1,0,0,0.00000,0,0,0,0
snippetonly,1,fatex_47,1,2086,64,76,completed,1,0,1,0.95158,0.96041,445,448,479866,1057411,213270784,76,160,0,0,79,1,127,0,0,0.00000,0,0,1,1
snippetonly,1,fatex_48,1,266,8,5,completed,0,0,1,0.05412,0.05666,44,44,50874,134430,4248704,5,31,0,0,3,1,3,0,0,0.00000,0,0,0,0
snippetonly,1,fatex_49,1,218,5,5,completed,0,0,1,0.03153,0.03289,20,20,21667,92028,1458944,5,7,0,0,5,1,3,0,0,0.00000,0,0,0,0
snippetonly,1,fatex_50,0,,,136,budget_exceeded,0,0,0,,1.00033,524,524,416686,953004,241125120,136,137,0,0,90,4,156,0,0,0.00000,0,0,1,1
snippetonly,1,fatex_51,1,125,5,2,completed,0,0,1,0.06302,0.06477,59,59,82256,132000,5820160,2,50,0,0,4,1,1,0,0,0.00000,0,0,0,0
snippetonly,1,fatex_52,1,215,4,4,completed,0,0,1,0.06206,0.06387,37,37,59465,151331,4705920,4,16,0,0,4,1,11,0,0,0.00000,0,0,0,0
snippetonly,1,fatex_53,1,941,65,22,completed,0,0,1,0.25819,0.26454,172,172,136235,391373,48530816,22,97,0,0,25,0,29,0,0,0.00000,0,0,0,0
snippetonly,1,fatex_54,1,90,1,1,completed,0,0,1,0.02957,0.03000,27,27,15852,86820,1240448,1,21,0,0,4,1,0,0,0,0.00000,0,0,0,0
snippetonly,1,fatex_55,1,542,2,1,completed,0,0,1,0.11222,0.11471,58,58,111000,267057,8713088,1,50,0,0,5,2,0,0,0,0.00000,0,0,0,0
snippetonly,1,fatex_56,0,,,82,budget_exceeded,1,1,0,,1.00114,399,419,446401,1170163,218215424,82,103,0,0,49,2,160,0,0,0.00000,0,0,1,1
snippetonly,1,fatex_57,1,422,10,3,completed,0,0,1,0.05894,0.06133,48,48,54784,148492,4314752,3,34,0,0,7,1,2,0,0,0.00000,0,0,0,0
snippetonly,1,fatex_58,1,498,12,15,completed,0,0,1,0.37518,0.38096,209,209,195208,476140,78683136,15,148,0,0,32,1,16,0,0,0.00000,0,0,0,0
snippetonly,1,fatex_59,1,226,8,4,completed,0,0,1,0.04644,0.04769,35,35,68133,105929,3032448,4,29,0,0,4,1,3,0,0,0.00000,0,0,0,0
snippetonly,1,fatex_61,0,,,23,budget_exceeded,3,1,0,,1.00099,198,477,553635,1199343,209881472,23,142,0,0,7,17,8,0,0,0.00000,0,0,0,1
snippetonly,1,fatex_62,0,,,97,budget_exceeded,0,0,0,,1.00098,597,597,427450,866116,249509632,97,306,0,0,72,3,117,0,0,0.00000,0,0,1,1
snippetonly,1,fatex_64,0,,,100,budget_exceeded,2,1,0,,1.04208,477,491,409352,1466678,205036416,100,148,0,0,98,4,123,0,0,0.00000,0,0,1,1
snippetonly,1,fatex_65,0,,,48,budget_exceeded,2,1,0,,1.00044,387,542,455212,1015182,233022848,48,264,0,0,22,5,55,0,0,0.00000,0,0,1,1
snippetonly,1,fatex_66,0,,,18,completed,2,1,1,0.62969,0.64162,162,259,332177,1061769,106364032,18,109,0,0,12,6,16,0,0,0.00000,0,0,0,1
snippetonly,1,fatex_67,1,1111,33,45,completed,1,0,1,0.73307,0.73881,338,338,304056,809223,167735424,45,141,0,0,63,2,87,0,0,0.00000,0,0,1,1
snippetonly,1,fatex_68,0,,,3,completed,13,1,0,,0.28573,53,75,196607,615017,30714112,3,36,0,0,5,9,0,0,0,0.00000,0,0,0,0
snippetonly,1,fatex_69,1,323,4,6,completed,0,0,1,0.12230,0.12565,103,103,155726,215290,15559808,6,80,0,0,12,2,5,0,0,0.00000,0,0,0,0
snippetonly,1,fatex_70,1,72,1,1,completed,0,0,1,0.01427,0.01460,17,17,8747,44201,355584,1,11,0,0,6,1,0,0,0,0.00000,0,0,0,0
snippetonly,1,fatex_71,0,,,5,budget_exceeded,337,1,0,,1.00171,35,739,340178,344678,306276608,5,24,0,0,6,0,3,0,0,0.00000,0,0,0,0
snippetonly,1,fatex_72,0,,,5,completed,22,1,0,,0.41840,72,198,165591,611489,80000384,5,58,0,0,8,1,1,0,0,0.00000,0,0,0,0
snippetonly,1,fatex_73,0,,,26,completed,13,1,0,,0.59544,211,297,321988,655751,130983680,26,148,0,0,21,0,33,0,0,0.00000,0,0,0,0
snippetonly,1,fatex_74,0,,,5,completed,8,1,0,,0.12641,73,96,71559,278617,13705216,5,61,0,0,4,1,1,0,0,0.00000,0,0,0,0
snippetonly,1,fatex_76,1,476,8,12,completed,0,0,1,0.20039,0.20325,151,151,182809,301799,33270528,12,102,0,0,21,2,13,0,0,0.00000,0,0,0,0
snippetonly,1,fatex_78,0,,,11,completed,8,1,0,,0.18798,79,146,115302,310601,30310144,11,90,0,0,7,5,5,0,0,0.00000,0,0,0,0
snippetonly,1,fatex_79,0,,,10,budget_exceeded,220,1,0,,1.00233,80,526,287753,563153,287272448,10,54,0,0,6,5,4,0,0,0.00000,0,0,0,0
snippetonly,1,fatex_80,0,,,1,completed,10,1,0,,0.18069,61,82,69982,441873,16844416,1,53,0,0,11,0,0,0,0,0.00000,0,0,0,0
snippetonly,1,fatex_82,0,,,3,completed,25,1,0,,0.14816,72,136,118546,246554,22330496,3,67,0,0,3,0,0,0,0,0.00000,0,0,0,0
snippetonly,1,fatex_83,1,594,9,11,completed,0,0,1,0.18262,0.18675,182,182,164427,272288,31247616,11,150,0,0,13,1,9,0,0,0.00000,0,0,0,0
snippetonly,1,fatex_84,1,121,1,5,completed,0,0,1,0.04405,0.05021,46,46,54720,106272,4570112,5,35,0,0,7,1,6,0,0,0.00000,0,0,0,0
snippetonly,1,fatex_85,0,,,0,budget_exceeded,244,1,0,,1.00106,25,522,182181,1133170,235094912,0,18,0,0,10,2,0,0,0,0.00000,0,0,0,1
snippetonly,1,fatex_86,0,,,21,budget_exceeded,1,1,0,,1.00080,148,418,349212,1376567,202311936,21,84,0,0,15,8,22,0,0,0.00000,0,0,0,1
snippetonly,1,fatex_87,0,,,1,budget_exceeded,159,1,0,,1.00273,20,363,173037,873737,262092928,1,15,0,0,6,0,0,0,0,0.00000,0,0,0,0
snippetonly,1,fatex_88,0,,,9,completed,17,1,0,,0.33752,81,122,146878,664397,46760704,9,55,0,0,7,10,0,0,0,0.00000,0,0,0,0
snippetonly,1,fatex_89,1,806,7,12,completed,0,0,1,0.23195,0.23692,123,123,194918,373630,37505920,12,82,0,0,18,1,21,0,0,0.00000,0,0,0,0
snippetonly,1,fatex_90,0,,,71,budget_exceeded,0,0,0,,1.00257,321,321,314538,1448486,197485312,71,93,0,0,34,20,103,0,0,0.00000,0,0,1,1
snippetonly,1,fatex_91,0,,,40,budget_exceeded,3,1,0,,1.00363,189,354,344848,1673754,173820800,40,104,0,0,23,3,44,0,0,0.00000,0,0,0,1
snippetonly,1,fatex_92,0,,,13,budget_exceeded,9,1,0,,1.00125,387,556,510163,1000771,232003840,13,351,0,0,13,2,10,0,0,0.00000,0,0,0,1
snippetonly,1,fatex_93,0,,,1,completed,13,1,0,,0.10604,11,37,35427,294242,6676224,1,8,0,0,1,0,0,0,0,0.00000,0,0,0,0
snippetonly,1,fatex_94,0,,,4,completed,15,1,0,,0.24052,136,173,173737,405041,36708736,4,119,0,0,6,3,4,0,0,0.00000,0,0,0,0
snippetonly,1,fatex_95,0,,,98,budget_exceeded,0,0,0,,1.00116,388,388,544483,1324882,197843968,98,58,0,0,90,4,146,0,0,0.00000,0,0,1,1
snippetonly,1,fatex_96,0,,,65,budget_exceeded,2,0,0,,1.01221,298,298,391033,1843005,157650048,65,102,0,0,31,6,88,0,0,0.00000,0,0,1,1
snippetonly,1,fatex_97,0,,,19,budget_exceeded,0,0,0,,1.00024,479,479,203062,1327759,214300032,19,12,0,0,4,437,7,0,0,0.00000,0,0,1,1
snippetonly,1,fatex_98,0,,,15,completed,5,1,0,,0.44436,144,157,234848,726832,74273152,15,93,0,0,11,5,22,0,0,0.00000,0,0,0,0
snippetonly,1,fatex_100,0,,,50,completed,16,1,0,,0.75888,235,268,338915,1114364,142646016,50,83,0,0,48,2,53,0,0,0.00000,0,0,1,1
snippetonly,2,fatex_1,1,241,9,4,completed,0,0,1,0.03555,0.03724,21,21,25950,104220,1578752,4,10,0,0,2,1,3,0,0,0.00000,0,0,0,0
snippetonly,2,fatex_3,1,421,10,1,completed,0,0,1,0.12265,0.12496,89,89,70246,285566,12560896,1,82,0,0,7,1,0,0,0,0.00000,0,0,0,0
snippetonly,2,fatex_4,1,288,1,7,completed,0,0,1,0.09538,0.09787,69,69,89953,202183,10238592,7,48,0,0,10,2,6,0,0,0.00000,0,0,0,0
snippetonly,2,fatex_5,1,438,4,4,completed,0,0,1,0.07787,0.07970,47,47,40993,199420,6473600,4,29,0,0,9,1,3,0,0,0.00000,0,0,0,0
snippetonly,2,fatex_6,1,1885,27,91,completed,2,0,1,0.78199,0.79998,369,374,294260,744920,196500736,91,86,0,0,77,2,108,0,0,0.00000,0,0,1,1
snippetonly,2,fatex_7,1,309,8,4,completed,0,0,1,0.06684,0.06971,63,63,46275,158011,6780288,4,50,0,0,4,1,3,0,0,0.00000,0,0,0,0
snippetonly,2,fatex_8,1,436,9,1,completed,0,0,1,0.05064,0.05193,67,67,48254,116686,4464896,1,60,0,0,7,1,0,0,0,0.00000,0,0,0,0
snippetonly,2,fatex_9,1,224,3,7,completed,0,0,1,0.14249,0.14636,89,89,110204,276129,19148288,7,65,0,0,10,2,4,0,0,0.00000,0,0,0,0
snippetonly,2,fatex_10,1,632,32,5,completed,0,0,1,0.34450,0.34878,192,192,164569,512289,65107200,5,180,0,0,9,1,4,0,0,0.00000,0,0,0,0
snippetonly,2,fatex_11,1,606,23,13,completed,0,0,1,0.22732,0.23174,119,119,138305,384393,37411456,13,59,0,0,32,4,10,0,0,0.00000,0,0,0,0
snippetonly,2,fatex_12,1,722,53,30,completed,0,0,1,0.28459,0.28991,209,209,162697,384910,56915200,30,125,0,0,22,1,31,0,0,0.00000,0,0,0,0
snippetonly,2,fatex_14,1,194,3,1,completed,0,0,1,0.03927,0.04031,35,35,30852,107072,2146432,1,27,0,0,6,1,0,0,0,0.00000,0,0,0,0
snippetonly,2,fatex_16,1,513,14,11,completed,0,0,1,0.27131,0.27701,122,122,137731,488343,43209856,11,103,0,0,8,4,8,0,0,0.00000,0,0,0,0
snippetonly,2,fatex_17,0,,,24,budget_exceeded,2,0,0,,1.08731,325,325,1142831,1666817,164503424,24,225,0,0,33,2,39,0,0,0.00000,0,0,1,1
snippetonly,2,fatex_18,0,,,38,completed,34,1,0,,0.94558,298,417,426047,1211817,195223936,38,192,0,0,23,1,41,0,0,0.00000,0,0,1,1
snippetonly,2,fatex_19,0,,,82,budget_exceeded,0,0,0,,1.00072,467,467,336611,1058261,234744832,82,233,0,0,58,3,90,0,0,0.00000,0,0,1,1
snippetonly,2,fatex_20,1,903,21,14,completed,2,0,1,0.34786,0.37070,140,147,216595,566857,64875648,14,89,0,0,17,5,15,0,0,0.00000,0,0,0,0
snippetonly,2,fatex_21,1,108,1,1,completed,0,0,1,0.05459,0.05592,40,40,42090,140247,3840768,1,32,0,0,8,1,0,0,0,0.00000,0,0,0,0
snippetonly,2,fatex_22,1,674,25,5,completed,0,0,1,0.24541,0.25112,114,114,162309,439247,37646336,5,100,0,0,7,1,2,0,0,0.00000,0,0,0,0
snippetonly,2,fatex_24,0,,,105,budget_exceeded,0,0,0,,1.00301,444,444,269126,899043,254858624,105,221,0,0,56,7,55,0,0,0.00000,0,0,1,1
snippetonly,2,fatex_25,0,,,33,budget_exceeded,1,0,0,,1.03785,250,250,389976,2386283,112533760,33,96,0,0,50,7,61,0,0,0.00000,0,0,1,1
snippetonly,2,fatex_26,1,1278,15,40,completed,1,0,1,0.58712,0.59043,274,278,406222,734774,117080192,40,142,0,0,43,3,43,0,0,0.00000,0,0,1,1
snippetonly,2,fatex_27,1,1076,10,38,completed,12,0,1,0.57721,0.61929,264,302,412840,790148,121518208,38,101,0,0,59,2,59,0,0,0.00000,0,0,1,1
snippetonly,2,fatex_28,0,,,3,completed,11,1,0,,0.30607,116,130,168758,572285,43643520,3,105,0,0,5,1,2,0,0,0.00000,0,0,0,0
snippetonly,2,fatex_29,1,96,2,3,completed,0,0,1,0.03517,0.03617,48,48,59220,76864,2269568,3,36,0,0,5,2,1,0,0,0.00000,0,0,0,0
snippetonly,2,fatex_30,1,123,5,1,completed,0,0,1,0.02828,0.02871,22,22,13072,84533,1148288,1,18,0,0,1,1,0,0,0,0.00000,0,0,0,0
snippetonly,2,fatex_31,0,,,56,budget_exceeded,1,1,0,,1.00068,411,470,423441,1269516,209261056,56,212,0,0,62,4,76,0,0,0.00000,0,0,1,1
snippetonly,2,fatex_32,0,,,7,completed,24,1,0,,0.52801,106,172,281353,1040842,70422016,7,85,0,0,10,3,4,0,0,0.00000,0,0,0,1
snippetonly,2,fatex_33,1,829,18,29,completed,2,0,1,0.62834,0.63873,270,279,353433,717245,138721792,29,162,0,0,53,2,32,0,0,0.00000,0,0,1,1
snippetonly,2,fatex_34,0,,,53,completed,12,1,0,,0.91201,260,276,280396,1582319,153464576,53,83,0,0,14,59,50,0,0,0.00000,0,0,1,1
snippetonly,2,fatex_35,1,270,2,2,completed,0,0,1,0.03763,0.03915,26,26,28677,107170,1831168,2,15,0,0,6,1,1,0,0,0.00000,0,0,0,0
snippetonly,2,fatex_36,1,548,13,4,completed,0,0,1,0.24511,0.25340,145,145,184200,385957,42695680,4,127,0,0,10,1,3,0,0,0.00000,0,0,0,0
snippetonly,2,fatex_37,0,,,56,budget_exceeded,1,1,0,,1.00201,366,409,479894,1307173,203147904,56,144,0,0,63,5,97,0,0,0.00000,0,0,1,1
snippetonly,2,fatex_38,1,171,10,1,completed,1,0,1,0.09128,0.09536,49,52,51582,234840,7993216,1,41,0,0,5,1,0,0,0,0.00000,0,0,0,0
snippetonly,2,fatex_39,1,152,1,2,completed,0,0,1,0.08330,0.08502,82,82,81608,166522,9632256,2,72,0,0,4,1,2,0,0,0.00000,0,0,0,0
snippetonly,2,fatex_40,1,778,20,13,completed,0,0,1,0.24890,0.25411,119,119,150031,440963,39155200,13,84,0,0,10,1,12,0,0,0.00000,0,0,0,0
snippetonly,2,fatex_41,0,,,62,budget_exceeded,1,0,0,,1.00012,382,382,391270,1387128,198907776,62,121,0,0,75,0,121,0,0,0.00000,0,0,1,1
snippetonly,2,fatex_42,1,1069,60,20,completed,0,0,1,0.25736,0.26213,141,141,132796,437555,43224320,20,80,0,0,17,2,24,0,0,0.00000,0,0,0,0
snippetonly,2,fatex_43,0,,,5,completed,16,1,0,,0.13217,86,136,110161,226850,19010688,5,71,0,0,10,3,1,0,0,0.00000,0,0,0,0
snippetonly,2,fatex_44,0,,,70,budget_exceeded,0,0,0,,1.00091,421,421,486845,1261766,206947968,70,138,0,0,79,5,128,0,0,0.00000,0,0,1,1
snippetonly,2,fatex_45,0,,,17,budget_exceeded,2,1,0,,1.00395,244,407,424593,1327820,204541056,17,97,0,0,17,98,15,0,0,0.00000,0,0,1,1
snippetonly,2,fatex_46,1,626,18,11,completed,0,0,1,0.32803,0.33374,196,196,180789,442499,65901952,11,144,0,0,23,3,15,0,0,0.00000,0,0,0,0
snippetonly,2,fatex_47,0,,,117,budget_exceeded,0,0,0,,1.00091,521,521,371911,817628,257110272,117,171,0,0,84,3,146,0,0,0.00000,0,0,1,1
snippetonly,2,fatex_48,1,321,11,2,completed,0,0,1,0.06506,0.06722,78,78,72014,138283,6577536,2,69,0,0,5,1,1,0,0,0.00000,0,0,0,0
snippetonly,2,fatex_49,1,230,1,3,completed,0,0,1,0.02878,0.03085,23,23,14790,86754,1601280,3,11,0,0,6,1,2,0,0,0.00000,0,0,0,0
snippetonly,2,fatex_50,1,1527,42,94,completed,2,0,1,0.84950,0.87662,472,490,512074,838378,203638784,94,143,0,0,90,6,140,0,0,0.00000,0,0,1,1
snippetonly,2,fatex_51,1,155,7,3,completed,0,0,1,0.04933,0.05156,57,57,72000,102485,4567424,3,58,0,0,5,1,2,0,0,0.00000,0,0,0,0
snippetonly,2,fatex_52,1,218,2,2,completed,0,0,1,0.05748,0.06415,42,42,40183,160137,4887552,2,30,0,0,5,3,2,0,0,0.00000,0,0,0,0
snippetonly,2,fatex_53,1,1035,103,67,completed,0,0,1,0.60231,0.61175,324,324,231995,576278,149252864,67,107,0,0,35,1,114,0,0,0.00000,0,0,0,0
snippetonly,2,fatex_54,1,139,6,1,completed,0,0,1,0.03069,0.03122,22,22,16406,91563,1172480,1,18,0,0,1,1,0,0,0,0.00000,0,0,0,0
snippetonly,2,fatex_55,1,576,12,8,completed,0,0,1,0.15709,0.16233,86,86,150365,310419,19415296,8,58,0,0,11,1,7,0,0,0.00000,0,0,0,0
snippetonly,2,fatex_56,0,,,11,budget_exceeded,98,1,0,,1.00078,114,397,363799,1273350,211897088,11,78,0,0,9,7,10,0,0,0.00000,0,0,0,1
snippetonly,2,fatex_57,1,378,9,4,completed,0,0,1,0.06276,0.06483,50,50,38406,164723,4759296,4,34,0,0,9,1,3,0,0,0.00000,0,0,0,0
snippetonly,2,fatex_58,1,448,11,24,completed,0,0,1,0.41980,0.43303,221,221,254564,504918,91435008,24,139,0,0,27,3,28,0,0,0.00000,0,0,0,0
snippetonly,2,fatex_59,1,410,19,6,completed,0,0,1,0.08953,0.09222,79,79,80221,196860,9238400,6,52,0,0,10,1,9,0,0,0.00000,0,0,0,0
snippetonly,2,fatex_61,0,,,47,budget_exceeded,2,1,0,,1.00218,340,555,444268,1120710,223637376,47,201,0,0,25,2,66,0,0,0.00000,0,0,1,1
snippetonly,2,fatex_62,0,,,54,budget_exceeded,1,1,0,,1.00043,381,557,429009,870981,248747136,54,233,0,0,21,6,68,0,0,0.00000,0,0,0,1
snippetonly,2,fatex_64,0,,,14,completed,19,1,0,,0.25073,84,155,103186,400473,44340480,14,44,0,0,9,16,0,0,0,0.00000,0,0,0,0
snippetonly,2,fatex_65,0,,,32,budget_exceeded,2,1,0,,1.00146,268,474,495493,1039515,228937600,32,145,0,0,29,5,79,0,0,0.00000,0,0,0,1
snippetonly,2,fatex_66,0,,,35,completed,22,1,0,,0.82055,81,351,310841,1347254,142786560,35,2,0,0,12,29,8,0,0,0.00000,0,0,0,1
snippetonly,2,fatex_67,1,259,10,1,completed,0,0,1,0.09152,0.09252,64,64,47071,216440,9044864,1,58,0,0,3,1,0,0,0,0.00000,0,0,0,0
snippetonly,2,fatex_68,1,694,14,6,completed,0,0,1,0.23605,0.23952,118,118,146603,432998,34912000,6,111,0,0,11,2,6,0,0,0.00000,0,0,0,0
snippetonly,2,fatex_69,0,,,64,budget_exceeded,1,0,0,,1.00219,447,447,519808,1162224,215712768,64,276,0,0,42,5,80,0,0,0.00000,0,0,1,1
snippetonly,2,fatex_70,1,67,1,1,completed,0,0,1,0.01173,0.01204,11,11,19522,30330,290688,1,7,0,0,1,0,1,0,0,0.00000,0,0,0,0
snippetonly,2,fatex_71,0,,,3,completed,21,1,0,,0.31187,42,193,121822,490835,56206976,3,32,0,0,4,0,2,0,0,0.00000,0,0,0,0
snippetonly,2,fatex_72,0,,,10,completed,25,1,0,,0.39282,80,211,193364,494011,81223552,10,54,0,0,9,2,8,0,0,0.00000,0,0,0,0
snippetonly,2,fatex_73,0,,,5,budget_exceeded,2,1,0,,1.00250,54,471,297612,621973,280956672,5,44,0,0,4,0,1,0,0,0.00000,0,0,0,0
snippetonly,2,fatex_74,0,,,4,budget_exceeded,128,1,0,,1.00006,166,628,450759,765082,258118528,4,161,0,0,7,1,1,0,0,0.00000,0,0,0,1
snippetonly,2,fatex_76,1,453,16,12,completed,0,0,1,0.17626,0.18575,97,97,183973,319371,25203328,12,62,0,0,16,2,8,0,0,0.00000,0,0,0,0
snippetonly,2,fatex_78,0,,,5,completed,11,1,0,,0.13100,69,98,81298,290031,13715968,5,53,0,0,5,2,3,0,0,0.00000,0,0,0,0
snippetonly,2,fatex_79,0,,,4,completed,16,1,0,,0.22163,161,197,212754,282861,40231552,4,150,0,0,3,2,1,0,0,0.00000,0,0,0,0
snippetonly,2,fatex_80,0,,,2,completed,13,1,0,,0.17759,77,105,95002,366967,21977216,2,71,0,0,9,0,0,0,0,0.00000,0,0,0,0
snippetonly,2,fatex_82,0,,,3,completed,20,1,0,,0.25676,135,188,139574,424665,42253056,3,124,0,0,8,2,0,0,0,0.00000,0,0,0,0
snippetonly,2,fatex_83,1,314,7,13,completed,0,0,1,0.11616,0.12008,131,131,151299,178317,17488768,13,98,0,0,7,1,11,0,0,0.00000,0,0,0,0
snippetonly,2,fatex_84,1,215,1,1,completed,0,0,1,0.15259,0.15587,61,61,71976,367452,15324928,1,57,0,0,3,1,0,0,0,0.00000,0,0,0,0
snippetonly,2,fatex_85,0,,,3,budget_exceeded,2,1,0,,1.00127,157,539,284547,536954,289675136,3,150,0,0,4,0,0,0,0,0.00000,0,0,0,0
snippetonly,2,fatex_86,0,,,12,completed,23,1,0,,0.82788,256,393,411302,1249374,150170624,12,202,0,0,17,22,4,0,0,0.00000,0,0,0,1
snippetonly,2,fatex_87,0,,,18,budget_exceeded,4,1,0,,1.00167,216,227,723482,2143924,107172992,18,126,0,0,15,51,7,0,0,0.00000,0,0,2,2
snippetonly,2,fatex_88,0,,,1,completed,8,1,0,,0.49107,59,130,299563,784416,81962624,1,54,0,0,4,0,0,0,0,0.00000,0,0,0,0
snippetonly,2,fatex_89,1,494,11,6,completed,0,0,1,0.22545,0.23362,129,129,222089,363754,35957120,6,89,0,0,28,3,4,0,0,0.00000,0,0,0,0
snippetonly,2,fatex_90,0,,,51,budget_exceeded,1,1,0,,1.00082,437,550,449219,1037323,231240960,51,243,0,0,49,5,88,0,0,0.00000,0,0,1,1
snippetonly,2,fatex_91,1,2090,101,77,completed,0,0,1,0.93649,0.93960,451,451,481469,1044885,207010176,77,171,0,0,74,9,119,0,0,0.00000,0,0,1,1
snippetonly,2,fatex_92,0,,,3,completed,21,1,0,,0.30535,112,270,184759,409568,58859008,3,100,0,0,7,1,1,0,0,0.00000,0,0,0,0
snippetonly,2,fatex_93,0,,,5,budget_exceeded,1,1,0,,1.00007,53,511,261196,582967,285811200,5,39,0,0,5,1,2,0,0,0.00000,0,0,0,0
snippetonly,2,fatex_94,0,,,8,budget_exceeded,2,1,0,,1.00188,61,447,265270,669689,277582208,8,43,0,0,9,2,2,0,0,0.00000,0,0,0,0
snippetonly,2,fatex_95,0,,,103,budget_exceeded,2,0,0,,1.00382,307,307,614264,1489010,178891520,103,2,0,0,55,24,121,0,0,0.00000,0,0,1,1
snippetonly,2,fatex_96,0,,,29,completed,16,1,0,,0.75680,139,328,305717,1114720,143526528,29,50,0,0,20,11,28,0,0,0.00000,0,0,0,1
snippetonly,2,fatex_97,0,,,0,budget_exceeded,0,0,0,,1.00146,526,526,202839,1298933,217627520,0,63,0,0,7,456,12,0,0,0.00000,0,0,1,1
snippetonly,2,fatex_98,0,,,48,budget_exceeded,3,1,0,,1.00002,201,445,571333,1150881,213493632,48,56,0,0,23,6,69,0,0,0.00000,0,0,0,1
snippetonly,2,fatex_100,0,,,53,budget_exceeded,1,1,0,,1.00148,544,578,434893,1086420,227284096,53,363,0,0,45,4,76,0,0,0.00000,0,0,1,1
snippet,1,fatex_1,1,201,1,1,completed,0,0,1,0.05551,0.05619,59,59,62961,118084,5112448,1,32,34,0,9,1,0,0,0,0.00000,0,0,0,0
snippet,1,fatex_3,1,370,5,11,completed,0,0,1,0.16253,0.16720,112,112,141687,260631,26568064,11,18,50,0,33,1,19,0,0,0.00000,0,0,0,0
snippet,1,fatex_4,1,276,6,4,completed,0,0,1,0.08240,0.08448,81,81,109393,148420,9860480,4,12,66,0,19,3,1,0,0,0.00000,0,0,0,0
snippet,1,fatex_5,1,166,1,4,completed,0,0,1,0.09407,0.09638,64,64,103098,191642,10101376,4,20,42,0,17,1,4,0,0,0.00000,0,0,0,0
snippet,1,fatex_6,1,260,8,3,completed,0,0,1,0.07635,0.07860,69,69,109081,141022,8513920,3,28,56,0,7,1,2,0,0,0.00000,0,0,0,0
snippet,1,fatex_7,1,32,1,1,completed,0,0,1,0.03031,0.03124,32,32,50952,64562,2154112,1,3,50,0,9,1,0,0,0,0.00000,0,0,0,0
snippet,1,fatex_8,1,118,1,1,completed,0,0,1,0.02526,0.02574,29,29,55624,51807,1229952,1,8,20,0,6,1,0,0,0,0.00000,0,0,0,0
snippet,1,fatex_9,1,253,6,3,completed,0,0,1,0.12513,0.12816,47,47,139024,284530,10368384,3,4,43,0,13,4,3,0,0,0.00000,0,0,0,0
snippet,1,fatex_10,1,789,27,29,completed,0,0,1,0.39784,0.40531,217,217,256058,461216,85829120,29,58,122,0,40,2,31,0,0,0.00000,0,0,0,0
snippet,1,fatex_11,1,450,24,8,completed,0,0,1,0.19103,0.19646,103,103,112526,349503,29588608,8,56,57,0,11,1,7,0,0,0.00000,0,0,0,0
snippet,1,fatex_12,1,710,38,10,completed,0,0,1,0.36677,0.37481,246,246,252502,421757,79059072,10,101,103,0,42,1,16,0,0,0.00000,0,0,0,0
snippet,1,fatex_14,1,105,2,1,completed,0,0,1,0.03367,0.03417,43,43,49451,71051,2625152,1,6,35,0,17,1,0,0,0,0.00000,0,0,0,0
snippet,1,fatex_16,1,308,6,5,completed,0,0,1,0.24110,0.24787,184,184,188466,375117,41591168,5,48,137,0,39,1,4,0,0,0.00000,0,0,0,0
snippet,1,fatex_17,1,1129,63,38,completed,1,0,1,0.77757,0.77983,348,352,329762,734029,188619520,38,142,99,0,48,1,50,0,0,0.00000,0,0,1,1
snippet,1,fatex_18,0,,,62,completed,12,1,0,,0.98420,375,422,524760,1235084,201754368,62,73,84,0,71,1,98,0,0,0.00000,0,0,1,1
snippet,1,fatex_19,0,,,28,budget_exceeded,0,0,0,,1.00187,512,512,555720,1116701,218356352,28,171,132,0,143,5,104,0,0,0.00000,0,0,1,1
snippet,1,fatex_20,0,,,54,budget_exceeded,1,0,0,,1.00040,421,421,579931,1366432,191645568,54,109,232,0,58,10,61,0,0,0.00000,0,0,1,1
snippet,1,fatex_21,1,61,1,1,completed,0,0,1,0.03604,0.03720,25,25,44190,90483,2028160,1,6,23,0,7,0,1,0,0,0.00000,0,0,0,0
snippet,1,fatex_22,1,128,3,3,completed,0,0,1,0.05541,0.05704,60,60,97570,93202,6173568,3,18,49,0,9,2,2,0,0,0.00000,0,0,0,0
snippet,1,fatex_24,0,,,62,budget_exceeded,0,0,0,,1.00283,531,531,522162,967174,235328384,62,84,89,0,126,8,194,0,0,0.00000,0,0,1,1
snippet,1,fatex_25,1,1566,115,72,completed,2,0,1,0.80878,0.83074,443,456,436529,934341,181432192,72,133,115,0,60,5,88,0,0,0.00000,0,0,1,1
snippet,1,fatex_26,1,624,9,6,completed,0,0,1,0.29548,0.30240,189,189,182555,392128,59657856,6,89,134,0,23,1,5,0,0,0.00000,0,0,0,0
snippet,1,fatex_27,1,375,5,10,completed,0,0,1,0.13135,0.13588,101,101,127398,231981,18961280,10,30,65,0,21,1,10,0,0,0.00000,0,0,0,0
snippet,1,fatex_28,0,,,15,completed,12,1,0,,0.50704,119,174,200601,757622,95292672,15,30,79,0,19,5,13,0,0,0.00000,0,0,0,0
snippet,1,fatex_29,1,105,3,1,completed,0,0,1,0.05912,0.06062,105,105,109926,69191,9233664,1,20,101,0,14,1,0,0,0,0.00000,0,0,0,0
snippet,1,fatex_30,1,96,1,1,completed,0,0,1,0.03099,0.03206,28,28,42783,75945,1715712,1,7,31,0,8,0,1,0,0,0.00000,0,0,0,0
snippet,1,fatex_31,0,,,50,budget_exceeded,0,0,0,,1.00159,529,529,474392,1084106,225580928,50,272,109,0,51,7,74,0,0,0.00000,0,0,1,1
snippet,1,fatex_32,0,,,9,budget_exceeded,14,1,0,,1.00110,138,454,512260,1188210,213102464,9,23,157,0,24,4,7,0,0,0.00000,0,0,0,1
snippet,1,fatex_33,0,,,45,completed,11,0,0,,0.89430,220,220,561669,1693773,121930880,45,53,78,0,27,27,21,0,0,0.00000,0,0,1,1
snippet,1,fatex_34,1,443,10,14,completed,1,0,1,0.55523,0.57295,177,201,322661,794357,109054720,14,75,69,0,30,7,11,0,0,0.00000,0,0,1,1
snippet,1,fatex_35,1,6,1,1,completed,0,0,1,0.00372,0.00382,6,6,4342,10890,57728,1,0,2,0,2,0,1,0,0,0.00000,0,0,0,0
snippet,1,fatex_36,1,227,6,1,completed,0,0,1,0.10639,0.10832,106,106,108416,178607,15404160,1,29,74,0,31,1,0,0,0,0.00000,0,0,0,0
snippet,1,fatex_37,0,,,87,budget_exceeded,0,0,0,,1.00151,466,466,488360,1017015,231562880,87,143,123,0,48,1,119,0,0,0.00000,0,0,1,1
snippet,1,fatex_38,1,275,28,17,completed,0,0,1,0.28092,0.28621,219,219,174184,354265,58081920,17,99,87,0,31,4,14,0,0,0.00000,0,0,0,0
snippet,1,fatex_39,1,119,1,1,completed,1,0,1,0.15379,0.16134,86,89,177432,305075,18243968,1,15,75,0,29,1,0,0,0,0.00000,0,0,0,0
snippet,1,fatex_40,1,132,4,3,completed,0,0,1,0.06072,0.06251,61,61,102166,105673,6649728,3,18,52,0,15,1,1,0,0,0.00000,0,0,0,0
snippet,1,fatex_41,1,1308,41,70,completed,1,0,1,0.78574,0.79233,353,357,387854,886973,174884480,70,27,122,0,72,6,93,0,0,0.00000,0,0,1,1
snippet,1,fatex_42,1,1070,57,20,completed,0,0,1,0.31141,0.31507,172,172,176216,440625,59651456,20,61,52,0,24,2,35,0,0,0.00000,0,0,0,0
snippet,1,fatex_43,0,,,6,completed,20,1,0,,0.12969,75,122,107785,236158,17311232,6,11,64,0,19,7,0,0,0,0.00000,0,0,0,0
snippet,1,fatex_44,0,,,75,budget_exceeded,0,0,0,,1.00118,392,392,601752,1261875,201289728,76,62,84,0,80,10,112,0,0,0.00000,0,0,1,1
snippet,1,fatex_45,0,,,65,budget_exceeded,0,0,0,,1.00041,468,468,550958,1137783,215964288,65,126,129,0,91,10,113,0,0,0.00000,0,0,1,1
snippet,1,fatex_46,1,60,1,1,completed,0,0,1,0.01849,0.01892,17,17,53084,33158,785920,1,3,18,0,4,1,0,0,0,0.00000,0,0,0,0
snippet,1,fatex_47,1,1147,67,36,completed,0,0,1,0.56414,0.57143,316,316,325944,518791,135906560,36,97,113,0,47,4,59,0,0,0.00000,0,0,0,0
snippet,1,fatex_48,1,197,7,4,completed,0,0,1,0.07426,0.07932,76,76,118669,121694,10227328,4,37,38,0,12,1,5,0,0,0.00000,0,0,0,0
snippet,1,fatex_49,1,169,8,1,completed,0,0,1,0.04183,0.04248,28,28,62468,99088,2139008,1,4,32,0,9,1,0,0,0,0.00000,0,0,0,0
snippet,1,fatex_50,1,1292,22,46,completed,2,0,1,0.61537,0.66524,324,351,470779,796930,134354048,46,50,139,0,81,8,68,0,0,0.00000,0,0,1,1
snippet,1,fatex_51,1,90,4,2,completed,0,0,1,0.04355,0.04499,52,52,95220,65646,4743680,2,17,36,0,13,1,1,0,0,0.00000,0,0,0,0
snippet,1,fatex_52,1,115,2,1,completed,0,0,1,0.05439,0.05524,52,52,100576,103086,4391424,1,10,43,0,13,1,0,0,0,0.00000,0,0,0,0
snippet,1,fatex_53,1,918,47,138,completed,1,0,1,0.94435,0.95160,553,556,464197,818616,234785408,138,82,120,0,83,2,158,0,0,0.00000,0,0,1,1
snippet,1,fatex_54,1,94,2,1,completed,0,0,1,0.02663,0.02717,21,21,46326,63708,1016704,1,4,18,0,5,2,0,0,0,0.00000,0,0,0,0
snippet,1,fatex_55,1,276,1,6,completed,0,0,1,0.10901,0.11468,85,85,146325,192221,14419456,6,24,52,0,17,1,5,0,0,0.00000,0,0,0,0
snippet,1,fatex_56,0,,,39,completed,15,1,0,,0.94630,368,406,486465,1255401,188099200,39,145,114,0,46,11,80,0,0,0.00000,0,0,1,1
snippet,1,fatex_57,1,229,2,3,completed,0,0,1,0.11071,0.11330,91,91,123932,191684,15100416,3,33,61,0,20,0,4,0,0,0.00000,0,0,0,0
snippet,1,fatex_58,1,352,7,31,completed,0,0,1,0.66263,0.67097,270,270,321396,673263,156234368,31,116,81,0,29,9,30,0,0,0.00000,0,0,0,0
snippet,1,fatex_59,1,173,12,1,completed,0,0,1,0.05923,0.06056,65,65,88013,111036,6124928,1,26,34,0,16,1,0,0,0,0.00000,0,0,0,0
snippet,1,fatex_61,1,394,5,17,completed,0,0,1,0.34345,0.35047,180,180,238837,424808,70745728,17,57,78,0,52,1,18,0,0,0.00000,0,0,0,0
snippet,1,fatex_62,0,,,24,budget_exceeded,1,1,0,,1.00202,276,526,619934,962831,230583552,24,91,144,0,51,3,27,0,0,0.00000,0,0,0,1
snippet,1,fatex_64,1,878,67,93,completed,1,0,1,0.84718,0.85134,441,446,369571,715387,214031104,93,93,75,0,86,0,107,0,0,0.00000,0,0,1,1
snippet,1,fatex_65,0,,,5,budget_exceeded,2,1,0,,1.00195,125,486,532510,1173082,213907072,5,34,97,0,27,6,1,0,0,0.00000,0,0,0,1
snippet,1,fatex_66,1,1074,19,23,completed,1,0,1,0.64421,0.64708,243,253,370383,709475,141631744,23,86,61,0,44,3,44,0,0,0.00000,0,0,1,1
snippet,1,fatex_67,1,956,29,46,completed,1,0,1,0.68368,0.68879,312,319,359823,705863,157418112,46,81,89,0,76,2,55,0,0,0.00000,0,0,1,1
snippet,1,fatex_68,1,388,12,10,completed,0,0,1,0.20008,0.20582,106,106,186824,342537,29911040,10,23,76,0,27,3,8,0,0,0.00000,0,0,0,0
snippet,1,fatex_69,1,267,6,3,completed,0,0,1,0.11674,0.12042,115,115,156854,166214,18543488,3,33,142,0,17,3,2,0,0,0.00000,0,0,0,0
snippet,1,fatex_70,1,29,1,1,completed,0,0,1,0.00780,0.00807,15,15,19086,16263,303104,1,2,10,0,5,1,0,0,0,0.00000,0,0,0,0
snippet,1,fatex_71,0,,,3,completed,10,1,0,,0.06970,25,66,69753,137827,7622400,3,2,28,0,6,0,0,0,0,0.00000,0,0,0,0
snippet,1,fatex_72,0,,,12,completed,10,1,0,,0.76175,110,369,364622,591337,194689408,12,16,82,0,31,0,10,0,0,0.00000,0,0,0,0
snippet,1,fatex_73,0,,,33,budget_exceeded,19,1,0,,1.00261,165,412,575087,1485859,180733312,33,23,57,0,40,0,33,0,0,0.00000,0,0,0,1
snippet,1,fatex_74,0,,,4,completed,21,1,0,,0.20912,111,169,163334,312523,35265664,4,28,74,0,20,5,0,0,0,0.00000,0,0,0,0
snippet,1,fatex_76,1,355,10,1,completed,0,0,1,0.09253,0.09363,63,63,130051,171827,9754112,1,33,43,0,11,1,0,0,0,0.00000,0,0,0,0
snippet,1,fatex_78,0,,,3,completed,18,1,0,,0.20682,106,137,169593,330999,32285312,3,18,99,0,23,14,0,0,0,0.00000,0,0,0,0
snippet,1,fatex_79,0,,,1,completed,11,1,0,,0.20160,76,103,130423,397569,25723648,1,18,75,0,17,2,0,0,0,0.00000,0,0,0,0
snippet,1,fatex_80,0,,,1,budget_exceeded,10,1,0,,1.00192,75,455,445677,1161298,219413632,1,49,36,0,11,0,0,0,0,0.00000,0,0,0,1
snippet,1,fatex_82,0,,,1,completed,13,1,0,,0.12226,76,107,85619,238213,15561984,1,6,137,0,25,0,0,0,0,0.00000,0,0,0,0
snippet,1,fatex_83,1,452,8,8,completed,0,0,1,0.14151,0.14644,100,100,220575,217188,19551872,8,16,121,0,23,2,5,0,0,0.00000,0,0,0,0
snippet,1,fatex_84,1,138,1,1,completed,0,0,1,0.04751,0.04825,39,39,58897,107174,3569152,1,16,28,0,7,1,0,0,0,0.00000,0,0,0,0
snippet,1,fatex_85,0,,,2,budget_exceeded,1,1,0,,1.00079,73,405,247017,1371611,207913088,2,43,31,0,12,1,0,0,0,0.00000,0,0,0,1
snippet,1,fatex_86,0,,,11,completed,20,1,0,,0.58643,156,215,218647,995570,98948608,11,57,68,0,23,15,7,0,0,0.00000,0,0,0,1
snippet,1,fatex_87,0,,,3,completed,16,1,0,,0.58785,67,113,409812,1285469,60910208,3,44,15,0,3,9,0,0,0,0.00000,0,0,0,1
snippet,1,fatex_88,0,,,32,budget_exceeded,6,1,0,,1.00288,214,390,448713,1322117,203522560,32,67,64,0,26,7,43,0,0,0.00000,0,0,0,1
snippet,1,fatex_89,1,485,4,5,completed,0,0,1,0.17018,0.17452,116,116,184098,267941,26331136,5,49,67,0,16,1,3,0,0,0.00000,0,0,0,0
snippet,1,fatex_90,0,,,19,completed,29,1,0,,0.52285,91,162,109189,1042498,77022208,19,13,56,0,16,11,0,0,0,0.00000,0,0,0,0
snippet,1,fatex_91,0,,,74,budget_exceeded,0,0,0,,1.00250,497,497,502488,948281,238082688,74,128,116,0,82,4,118,0,0,0.00000,0,0,1,1
snippet,1,fatex_92,0,,,3,completed,23,1,0,,0.21414,70,131,126713,390225,31121920,3,21,75,0,18,0,1,0,0,0.00000,0,0,0,0
snippet,1,fatex_93,0,,,51,budget_exceeded,1,1,0,,1.00112,261,477,319451,1087492,232822144,51,34,40,0,39,9,105,0,0,0.00000,0,0,0,1
snippet,1,fatex_94,0,,,3,budget_exceeded,1,1,0,,1.00178,39,549,299737,523359,290456832,3,9,62,0,6,0,0,0,0,0.00000,0,0,0,0
snippet,1,fatex_95,0,,,38,budget_exceeded,1,0,0,,1.00066,264,264,389784,1847543,153133440,38,74,75,0,38,4,62,0,0,0.00000,0,0,1,1
snippet,1,fatex_96,0,,,13,completed,21,1,0,,0.65258,139,257,242385,807034,140241792,13,65,42,0,23,2,16,0,0,0.00000,0,0,0,1
snippet,1,fatex_97,0,,,12,budget_exceeded,2,1,0,,1.00107,97,408,438517,1307937,204805248,12,18,34,0,6,37,6,0,0,0.00000,0,0,0,1
snippet,1,fatex_98,0,,,29,budget_exceeded,16,1,0,,1.03781,176,256,290062,2250200,131123712,29,49,55,0,15,16,32,0,0,0.00000,0,0,0,1
snippet,1,fatex_100,0,,,30,completed,16,1,0,,0.61898,150,263,292486,681305,138310912,30,25,106,0,19,4,25,0,0,0.00000,0,0,0,0
snippet,2,fatex_1,1,204,1,1,completed,0,0,1,0.06783,0.06866,41,41,73726,157683,5066496,1,15,33,0,11,1,0,0,0,0.00000,0,0,0,0
snippet,2,fatex_3,1,308,2,2,completed,0,0,1,0.07960,0.08152,45,45,102429,181882,5806080,2,12,47,0,9,1,1,0,0,0.00000,0,0,0,0
snippet,2,fatex_4,1,495,1,6,completed,0,0,1,0.13637,0.13905,68,68,147345,286011,13692288,6,12,65,0,12,2,4,0,0,0.00000,0,0,0,0
snippet,2,fatex_5,1,149,3,1,completed,0,0,1,0.03931,0.04037,49,49,66946,77210,3348480,1,8,44,0,15,1,0,0,0,0.00000,0,0,0,0
snippet,2,fatex_6,1,149,1,1,completed,0,0,1,0.03918,0.03982,30,30,52734,94475,2137344,1,6,39,0,6,1,0,0,0,0.00000,0,0,0,0
snippet,2,fatex_7,1,39,1,1,completed,0,0,1,0.02395,0.02439,22,22,34999,59458,1016576,1,3,23,0,10,1,0,0,0,0.00000,0,0,0,0
snippet,2,fatex_8,1,132,4,2,completed,0,0,1,0.04745,0.04896,57,57,67667,92201,4881408,2,22,37,0,13,1,1,0,0,0.00000,0,0,0,0
snippet,2,fatex_9,1,193,3,3,completed,0,0,1,0.16546,0.16864,60,60,150571,353270,17373184,3,30,20,0,13,1,3,0,0,0.00000,0,0,0,0
snippet,2,fatex_10,1,729,50,10,completed,0,0,1,0.38768,0.40016,200,200,227295,496852,81864960,10,108,71,0,23,1,12,0,0,0.00000,0,0,0,0
snippet,2,fatex_11,1,579,25,6,completed,0,0,1,0.21497,0.21999,93,93,161731,423842,28097024,6,35,79,0,18,2,4,0,0,0.00000,0,0,0,0
snippet,2,fatex_12,1,813,58,39,completed,0,0,1,0.51513,0.52217,266,266,254913,544011,119341056,39,74,104,0,41,5,45,0,0,0.00000,0,0,0,0
snippet,2,fatex_14,1,171,3,1,completed,0,0,1,0.04849,0.04923,35,35,82492,100422,3414656,1,4,33,0,17,4,1,0,0,0.00000,0,0,0,0
snippet,2,fatex_16,1,437,14,22,completed,0,0,1,0.44820,0.45458,254,254,222655,485646,102652416,22,122,148,0,39,2,24,0,0,0.00000,0,0,0,0
snippet,2,fatex_17,0,,,106,budget_exceeded,1,0,0,,1.03174,494,494,412643,1251070,222739840,106,117,132,0,72,3,132,0,0,0.00000,0,0,1,1
snippet,2,fatex_18,0,,,105,budget_exceeded,0,0,0,,1.00036,502,502,457622,875021,246888192,105,80,131,0,106,4,144,0,0,0.00000,0,0,1,1
snippet,2,fatex_19,1,1507,149,67,completed,1,0,1,0.84072,0.84790,429,436,362444,823314,202367488,67,97,56,0,99,1,125,0,0,0.00000,0,0,1,1
snippet,2,fatex_20,1,645,10,10,completed,0,0,1,0.26232,0.26975,115,115,176416,440534,43465728,10,29,66,0,35,1,11,0,0,0.00000,0,0,0,0
snippet,2,fatex_21,1,91,2,2,completed,0,0,1,0.03889,0.04022,44,44,73210,74261,3276288,2,5,55,0,15,1,1,0,0,0.00000,0,0,0,0
snippet,2,fatex_22,1,70,1,2,completed,0,0,1,0.03742,0.03866,40,40,57956,84039,2505216,2,6,32,0,12,0,2,0,0,0.00000,0,0,0,0
snippet,2,fatex_24,1,852,41,10,completed,0,0,1,0.24433,0.24978,130,130,150512,451029,36579712,10,64,77,0,13,1,10,0,0,0.00000,0,0,0,0
snippet,2,fatex_25,1,2098,108,61,completed,1,0,1,0.96881,0.97979,488,493,526395,1068119,216793216,61,219,94,0,64,2,78,0,0,0.00000,0,0,1,1
snippet,2,fatex_26,1,587,8,8,completed,0,0,1,0.28144,0.29049,136,136,246664,400589,51355776,8,44,87,0,32,3,12,0,0,0.00000,0,0,0,0
snippet,2,fatex_27,1,415,4,2,completed,0,0,1,0.12406,0.12753,101,101,141267,211109,17371008,2,37,114,0,17,2,1,0,0,0.00000,0,0,0,0
snippet,2,fatex_28,0,,,45,budget_exceeded,0,0,0,,1.00055,354,354,513268,1786313,153045632,45,79,292,0,48,17,42,0,0,0.00000,0,0,1,1
snippet,2,fatex_29,1,83,1,3,completed,0,0,1,0.04931,0.05080,78,78,98921,71760,6019584,3,11,73,0,23,3,0,0,0,0.00000,0,0,0,0
snippet,2,fatex_30,1,107,2,1,completed,0,0,1,0.02308,0.02407,20,20,28544,61674,1002240,1,4,17,0,6,0,1,0,0,0.00000,0,0,0,0
snippet,2,fatex_31,0,,,72,budget_exceeded,2,1,0,,1.00142,433,495,408624,1073757,229843200,72,150,89,0,52,7,92,0,0,0.00000,0,0,1,1
snippet,2,fatex_32,0,,,8,budget_exceeded,5,1,0,,1.00317,153,432,458512,1287233,206627200,8,80,75,0,19,10,3,0,0,0.00000,0,0,0,1
snippet,2,fatex_33,0,,,1,budget_exceeded,0,0,0,,1.00058,557,557,204301,1132706,233864832,1,26,65,0,14,491,0,0,0,0.00000,0,0,1,1
snippet,2,fatex_34,1,458,8,5,completed,0,0,1,0.36172,0.37027,146,146,164088,580069,66026880,5,89,48,0,17,2,4,0,0,0.00000,0,0,0,0
snippet,2,fatex_35,1,6,1,1,completed,0,0,1,0.00073,0.00080,6,6,3234,1107,14848,1,0,2,0,2,0,1,0,0,0.00000,0,0,0,0
snippet,2,fatex_36,1,295,4,1,completed,0,0,1,0.08838,0.09032,68,68,137305,170850,8307968,1,25,42,0,16,1,0,0,0,0.00000,0,0,0,0
snippet,2,fatex_37,0,,,20,budget_exceeded,2,0,0,,1.00743,322,322,430945,1931802,145070720,20,151,125,0,42,2,34,0,0,0.00000,0,0,1,1
snippet,2,fatex_38,1,98,4,2,completed,0,0,1,0.05133,0.05250,63,63,67522,100596,5313280,2,28,32,0,15,1,0,0,0,0.00000,0,0,0,0
snippet,2,fatex_39,1,860,23,27,completed,1,0,1,0.75173,0.76027,334,338,458661,1064572,142134656,27,120,104,0,81,13,35,0,0,0.00000,0,0,1,1
snippet,2,fatex_40,1,135,6,2,completed,0,0,1,0.07259,0.07412,84,84,106838,117979,9331840,2,24,104,0,15,1,0,0,0,0.00000,0,0,0,0
snippet,2,fatex_41,0,,,50,budget_exceeded,2,1,0,,1.10720,311,314,373744,2271666,149576192,50,50,157,0,79,2,72,0,0,0.00000,0,0,1,1
snippet,2,fatex_42,1,804,40,7,completed,1,0,1,0.28914,0.29888,154,157,163942,476642,50882304,7,103,29,0,16,1,7,0,0,0.00000,0,0,0,0
snippet,2,fatex_43,0,,,2,completed,18,1,0,,0.13688,60,131,111272,236767,19643904,2,6,91,0,21,0,0,0,0,0.00000,0,0,0,0
snippet,2,fatex_44,0,,,66,budget_exceeded,0,0,0,,1.00083,480,480,440710,1137547,221648128,67,201,89,0,63,0,89,0,0,0.00000,0,0,1,1
snippet,2,fatex_45,0,,,29,completed,3,1,1,0.80468,0.82296,226,368,465364,943641,176281728,29,73,86,0,33,6,34,0,0,0.00000,0,0,0,1
snippet,2,fatex_46,1,100,1,1,completed,0,0,1,0.05467,0.05599,56,56,77632,105462,5568640,1,21,31,0,12,4,3,0,0,0.00000,0,0,0,0
snippet,2,fatex_47,0,,,68,completed,2,1,1,0.94088,0.95954,303,498,514301,961720,220807168,68,49,78,0,46,2,87,0,0,0.00000,0,0,0,1
snippet,2,fatex_48,1,116,1,8,completed,0,0,1,0.09445,0.09735,81,81,113976,165718,12497024,8,29,35,0,16,2,4,0,0,0.00000,0,0,0,0
snippet,2,fatex_49,1,88,2,2,completed,0,0,1,0.03160,0.03277,37,37,58072,65313,2267264,2,5,33,0,13,1,1,0,0,0.00000,0,0,0,0
snippet,2,fatex_50,1,812,28,24,completed,0,0,1,0.46139,0.46848,231,231,200856,596349,97635072,24,100,74,0,30,3,31,0,0,0.00000,0,0,0,0
snippet,2,fatex_51,1,136,9,1,completed,0,0,1,0.06248,0.06437,57,57,96923,116225,6520064,1,25,37,0,12,1,0,0,0,0.00000,0,0,0,0
snippet,2,fatex_52,1,105,1,1,completed,0,0,1,0.05322,0.05387,71,71,93309,87830,5791488,1,8,74,0,18,2,0,0,0,0.00000,0,0,0,0
snippet,2,fatex_53,1,1037,97,75,completed,1,0,1,0.96668,0.96929,525,529,339311,714287,257779072,75,214,94,0,68,1,88,0,0,0.00000,0,0,1,1
snippet,2,fatex_54,1,65,1,1,completed,0,0,1,0.01714,0.01800,20,20,41994,35845,744192,1,5,13,0,8,0,1,0,0,0.00000,0,0,0,0
snippet,2,fatex_55,1,314,3,9,completed,0,0,1,0.11482,0.11868,78,78,118675,214037,15047552,9,25,57,0,21,1,7,0,0,0.00000,0,0,0,0
snippet,2,fatex_56,0,,,1,completed,24,1,0,,0.66544,34,249,189870,751180,153045376,1,6,31,0,8,2,0,0,0,0.00000,0,0,0,0
snippet,2,fatex_57,1,232,7,8,completed,0,0,1,0.13409,0.13776,117,117,113246,224691,21068544,8,41,71,0,25,3,7,0,0,0.00000,0,0,0,0
snippet,2,fatex_58,1,291,7,14,completed,0,0,1,0.44486,0.45238,228,228,259953,499535,98612352,14,100,98,0,45,8,6,0,0,0.00000,0,0,0,0
snippet,2,fatex_59,1,425,27,4,completed,0,0,1,0.09199,0.09417,56,56,115710,200306,7816832,4,5,47,0,21,1,3,0,0,0.00000,0,0,0,0
snippet,2,fatex_61,1,602,22,27,completed,0,0,1,0.34309,0.34742,161,161,226731,465499,66193664,27,34,63,0,37,6,21,0,0,0.00000,0,0,0,0
snippet,2,fatex_62,0,,,54,budget_exceeded,2,1,0,,1.00104,398,530,522210,761323,255273216,54,143,113,0,39,2,92,0,0,0.00000,0,0,0,1
snippet,2,fatex_64,1,953,56,44,completed,1,0,1,0.72001,0.72449,340,345,324937,745046,167994880,44,121,100,0,62,2,48,0,0,0.00000,0,0,1,1
snippet,2,fatex_65,0,,,28,budget_exceeded,1,1,0,,1.00001,293,551,596407,899080,237417344,28,131,102,0,38,4,30,0,0,0.00000,0,0,0,1
snippet,2,fatex_66,0,,,2,completed,14,1,0,,0.30169,39,69,120944,706008,31099904,2,18,26,0,6,0,0,0,0,0.00000,0,0,0,0
snippet,2,fatex_67,1,367,10,6,completed,0,0,1,0.11740,0.12077,74,74,115456,228820,14475904,6,22,53,0,15,2,4,0,0,0.00000,0,0,0,0
snippet,2,fatex_68,1,410,11,3,completed,0,0,1,0.13782,0.14286,111,111,142952,226234,21250688,3,48,65,0,18,1,3,0,0,0.00000,0,0,0,0
snippet,2,fatex_69,1,368,10,3,completed,0,0,1,0.09209,0.09599,68,68,116554,186724,9783552,3,27,40,0,14,2,1,0,0,0.00000,0,0,0,0
snippet,2,fatex_70,1,62,1,1,completed,0,0,1,0.02202,0.02238,23,23,47885,46066,992384,1,2,26,0,7,0,1,0,0,0.00000,0,0,0,0
snippet,2,fatex_71,0,,,26,completed,13,1,0,,0.83647,159,377,458131,918464,183986176,26,27,140,0,25,2,30,0,0,0.00000,0,0,0,1
snippet,2,fatex_72,0,,,25,completed,12,1,0,,0.45436,162,200,300843,575892,89638784,25,38,57,0,35,8,24,0,0,0.00000,0,0,0,0
snippet,2,fatex_73,0,,,2,budget_exceeded,9,1,0,,1.00173,24,480,552268,1094536,220694400,2,1,25,0,8,0,0,0,0,0.00000,0,0,0,1
snippet,2,fatex_74,0,,,4,completed,18,1,0,,0.17835,94,124,134561,316514,25315840,4,20,91,0,20,1,2,0,0,0.00000,0,0,0,0
snippet,2,fatex_76,1,225,5,5,completed,0,0,1,0.10857,0.11220,93,93,120332,185723,15484160,5,14,71,0,24,2,3,0,0,0.00000,0,0,0,0
snippet,2,fatex_78,0,,,2,completed,12,1,0,,0.17911,73,98,146787,343216,22308352,2,14,72,0,21,5,0,0,0,0.00000,0,0,0,0
snippet,2,fatex_79,0,,,6,budget_exceeded,3,1,0,,1.00085,89,564,436544,734854,262132096,6,15,83,0,19,2,2,0,0,0.00000,0,0,0,1
snippet,2,fatex_80,0,,,9,completed,19,1,0,,0.74315,104,313,336038,1162600,132349568,9,43,48,0,18,1,11,0,0,0.00000,0,0,0,1
snippet,2,fatex_82,0,,,5,budget_exceeded,2,1,0,,1.00044,61,696,380134,367285,301564288,5,5,94,0,12,0,0,0,0,0.00000,0,0,0,0
snippet,2,fatex_83,1,304,7,2,completed,0,0,1,0.12035,0.12275,89,89,163507,195435,16121984,2,26,84,0,16,1,1,0,0,0.00000,0,0,0,0
snippet,2,fatex_84,1,146,1,2,completed,0,0,1,0.06913,0.07063,62,62,69835,150170,6717696,2,15,37,0,16,5,1,0,0,0.00000,0,0,0,0
snippet,2,fatex_85,0,,,19,budget_exceeded,1,1,0,,1.00074,61,413,150616,796785,270197888,19,13,30,0,14,0,0,0,0,0.00000,0,0,0,0
snippet,2,fatex_86,0,,,22,budget_exceeded,1,1,0,,1.00079,146,380,453688,1365945,198147840,22,41,50,0,24,17,15,0,0,0.00000,0,0,0,1
snippet,2,fatex_87,0,,,11,completed,31,1,0,,0.74737,93,166,254585,1843411,69847808,11,29,71,0,11,14,0,0,0,0.00000,0,0,1,1
snippet,2,fatex_88,0,,,42,budget_exceeded,6,1,0,,1.00151,193,390,407291,1353147,202002176,42,28,56,0,32,9,42,0,0,0.00000,0,0,0,1
snippet,2,fatex_89,1,638,2,5,completed,0,0,1,0.17496,0.17795,104,104,154817,301614,25651200,5,44,68,0,16,1,4,0,0,0.00000,0,0,0,0
snippet,2,fatex_90,0,,,39,budget_exceeded,1,1,0,,1.00137,252,340,453924,1379254,197010560,39,73,52,0,15,6,84,0,0,0.00000,0,0,1,1
snippet,2,fatex_91,0,,,73,budget_exceeded,0,0,0,,1.00187,495,495,569319,1193292,210014080,73,183,97,0,65,3,103,0,0,0.00000,0,0,1,1
snippet,2,fatex_92,0,,,5,completed,7,1,0,,0.20082,91,108,202892,377297,23847936,5,26,62,0,27,1,2,0,0,0.00000,0,0,0,0
snippet,2,fatex_93,0,,,20,budget_exceeded,1,1,0,,1.00096,157,406,533543,1328675,197942528,20,46,80,0,23,7,15,0,0,0.00000,0,0,0,1
snippet,2,fatex_94,0,,,19,completed,27,1,0,,0.64385,146,269,349407,1047137,107761920,19,31,136,0,24,5,19,0,0,0.00000,0,0,0,1
snippet,2,fatex_95,0,,,43,completed,2,1,1,0.97920,0.99304,212,425,574015,1189824,206972416,43,49,65,0,31,10,43,0,0,0.00000,0,0,0,1
snippet,2,fatex_96,0,,,16,budget_exceeded,10,1,0,,1.00045,144,424,455137,1245343,210013696,16,84,21,0,12,4,15,0,0,0.00000,0,0,0,1
snippet,2,fatex_97,0,,,21,budget_exceeded,6,1,0,,1.00020,147,552,477419,1107576,222587008,21,50,58,0,15,5,22,0,0,0.00000,0,0,0,1
snippet,2,fatex_98,0,,,9,budget_exceeded,2,1,0,,1.08335,80,86,215720,3421665,33957760,9,15,65,0,9,7,2,0,0,0.00000,0,0,0,0
snippet,2,fatex_100,0,,,33,completed,10,1,0,,0.79848,208,360,346554,853860,182458368,33,51,88,0,28,19,27,0,0,0.00000,0,0,0,1
spawn,1,fatex_1,1,199,1,1,completed,0,0,1,0.04226,0.04291,23,23,50588,108018,1994880,1,5,22,0,6,1,0,0,0,0.00000,0,0,0,0
spawn,1,fatex_3,1,233,4,6,completed,0,0,1,0.07824,0.08128,46,46,67701,188593,6783744,6,11,17,0,15,2,3,0,0,0.00000,0,0,0,0
spawn,1,fatex_4,1,525,1,4,completed,0,0,1,0.12399,0.12738,73,73,118799,245802,14972160,4,38,50,0,8,1,3,0,0,0.00000,0,0,0,0
spawn,1,fatex_5,1,184,1,1,completed,0,0,1,0.04591,0.04664,49,49,64634,100391,3386880,1,9,51,0,11,1,0,0,0,0.00000,0,0,0,0
spawn,1,fatex_6,1,140,7,2,completed,0,0,1,0.04751,0.04903,43,43,57440,103323,4305664,2,13,28,0,8,1,1,0,0,0.00000,0,0,0,0
spawn,1,fatex_7,1,38,1,1,completed,0,0,1,0.02244,0.02287,26,26,47896,44955,1276032,1,4,22,0,9,1,0,0,0,0.00000,0,0,0,0
spawn,1,fatex_8,1,150,1,2,completed,0,0,1,0.02316,0.02404,32,32,26818,59445,1298944,2,7,25,0,7,1,1,0,0,0.00000,0,0,0,0
spawn,1,fatex_9,1,105,1,1,completed,0,0,1,0.05956,0.06029,38,38,45008,149577,4325248,1,10,24,0,13,1,0,0,0,0.00000,0,0,0,0
spawn,1,fatex_10,1,741,22,7,completed,0,0,1,0.26189,0.26739,127,127,165535,457794,41442048,7,56,86,0,26,3,6,0,0,0.00000,0,0,0,0
spawn,1,fatex_11,1,528,24,6,completed,0,0,1,0.14847,0.15242,56,56,170328,310906,14827264,6,16,28,0,14,2,4,0,0,0.00000,0,0,0,0
spawn,1,fatex_12,1,585,59,8,completed,0,0,1,0.30228,0.30983,153,153,165544,477579,54619136,8,62,69,0,36,2,7,0,0,0.00000,0,0,0,0
spawn,1,fatex_14,1,111,1,1,completed,0,0,1,0.03179,0.03233,27,27,55812,69916,1765632,1,2,34,0,14,1,0,0,0,0.00000,0,0,0,0
spawn,1,fatex_16,1,258,4,11,completed,1,0,1,0.14904,0.16459,137,142,158537,223659,28487680,11,37,133,0,20,3,10,0,0,0.00000,0,0,0,0
spawn,1,fatex_17,1,1402,50,70,completed,2,0,1,0.81318,0.82963,392,404,452887,899141,183737984,70,91,120,0,74,3,95,0,0,0.00000,0,0,1,1
spawn,1,fatex_18,0,,,62,budget_exceeded,3,0,0,,1.00024,511,511,553852,1102069,219329536,63,172,105,0,96,9,84,0,0,0.00000,0,0,1,1
spawn,1,fatex_19,0,,,100,budget_exceeded,0,0,0,,1.00030,576,576,406104,780117,258934272,100,174,156,0,73,11,104,0,0,0.00000,0,0,1,1
spawn,1,fatex_20,1,570,15,21,completed,0,0,1,0.30041,0.30595,148,148,186140,439401,56019200,21,27,102,0,22,4,32,0,0,0.00000,0,0,0,0
spawn,1,fatex_21,1,347,4,4,completed,1,0,1,0.21299,0.22677,97,100,136477,400839,34081792,4,31,70,0,19,1,3,0,0,0.00000,0,0,0,0
spawn,1,fatex_22,1,84,1,1,completed,0,0,1,0.03338,0.03457,36,36,49698,76919,2167936,1,9,34,0,8,0,1,0,0,0.00000,0,0,0,0
spawn,1,fatex_24,1,607,38,16,completed,0,0,1,0.23363,0.23918,191,191,161285,322623,45094528,16,105,78,0,10,1,17,0,0,0.00000,0,0,0,0
spawn,1,fatex_25,0,,,58,budget_exceeded,0,0,0,,1.00042,495,495,399283,1025485,234779520,58,211,98,0,57,1,107,0,0,0.00000,0,0,1,1
spawn,1,fatex_26,1,1007,9,1,completed,0,0,1,0.42017,0.42475,201,201,257841,528205,85983872,1,139,86,0,12,2,0,0,0,0.00000,0,0,0,0
spawn,1,fatex_27,1,316,1,10,completed,0,0,1,0.12533,0.12886,75,75,181536,221643,14778880,10,16,42,0,21,2,8,0,0,0.00000,0,0,0,0
spawn,1,fatex_28,0,,,8,budget_exceeded,96,1,0,,1.00101,77,401,387442,1471194,191010944,8,21,63,0,13,3,4,0,0,0.00000,0,0,0,1
spawn,1,fatex_29,1,127,1,1,completed,0,0,1,0.04800,0.04863,71,71,89890,76104,5261312,1,17,69,0,14,1,0,0,0,0.00000,0,0,0,0
spawn,1,fatex_30,1,141,3,4,completed,0,0,1,0.04359,0.04495,62,62,51898,92688,4189440,4,25,31,0,10,2,2,0,0,0.00000,0,0,0,0
spawn,1,fatex_31,0,,,56,budget_exceeded,0,0,0,,1.00026,535,535,524565,937423,237264896,56,214,138,0,94,1,84,0,0,0.00000,0,0,1,1
spawn,1,fatex_32,0,,,16,completed,15,1,0,,0.49825,119,158,298254,811652,81869440,16,22,94,0,18,8,14,1,1,0.05139,0,0,0,0
spawn,1,fatex_33,0,,,0,budget_exceeded,0,0,0,,1.00486,32,32,942461,2670271,44728832,0,0,47,0,13,1,0,5,9,0.89008,0,0,0,0
spawn,1,fatex_34,1,482,10,11,completed,0,0,1,0.33174,0.33768,150,150,189099,510898,60053504,11,65,54,0,29,2,10,0,0,0.00000,0,0,0,0
spawn,1,fatex_35,1,6,1,1,completed,0,0,1,0.00077,0.00084,7,7,3615,986,19584,1,1,2,0,2,0,1,0,0,0.00000,0,0,0,0
spawn,1,fatex_36,1,311,8,1,completed,0,0,1,0.11494,0.11712,100,100,112386,203129,15894784,1,42,66,0,22,1,0,0,0,0.00000,0,0,0,0
spawn,1,fatex_37,1,1480,85,44,completed,1,0,1,0.86425,0.86996,361,365,562961,1154553,167095936,44,120,89,0,62,2,66,1,3,0.11530,0,0,1,1
spawn,1,fatex_38,1,194,6,1,completed,0,0,1,0.13341,0.13469,109,109,127987,244756,17228032,1,48,63,0,24,1,0,0,0,0.00000,0,0,0,0
spawn,1,fatex_39,1,100,1,1,completed,0,0,1,0.09757,0.09964,77,77,121807,174887,12005504,1,21,63,0,24,1,0,0,0,0.00000,0,0,0,0
spawn,1,fatex_40,1,152,5,1,completed,0,0,1,0.06948,0.07098,90,90,89344,114089,9474560,1,36,67,0,19,1,0,0,0,0.00000,0,0,0,0
spawn,1,fatex_41,1,1033,43,20,completed,1,0,1,0.45672,0.46715,189,192,409175,662615,80118656,20,44,98,0,35,1,31,2,2,0.10032,0,0,0,0
spawn,1,fatex_42,1,896,48,38,completed,0,0,1,0.29868,0.30565,161,161,186179,407404,59110016,38,18,36,0,30,5,51,0,0,0.00000,0,0,0,0
spawn,1,fatex_43,0,,,4,completed,19,1,0,,0.20873,62,100,283479,386243,21748480,4,14,44,0,15,0,2,2,4,0.06314,0,0,0,0
spawn,1,fatex_44,0,,,49,budget_exceeded,0,0,0,,1.00147,376,376,598763,1264734,201257600,49,145,91,0,61,1,64,1,4,0.09862,0,0,1,1
spawn,1,fatex_45,1,142,5,6,completed,0,0,1,0.16650,0.17792,109,109,144493,282248,28094080,6,48,87,0,25,3,4,0,0,0.00000,0,0,0,0
spawn,1,fatex_46,1,58,1,1,completed,0,0,1,0.02183,0.02234,28,28,54443,40554,1200000,1,3,26,0,9,1,0,0,0,0.00000,0,0,0,0
spawn,1,fatex_47,0,,,10,budget_exceeded,0,0,0,,1.00074,185,185,607249,1904309,136612736,10,66,85,0,27,3,12,3,4,0.74350,0,0,0,0
spawn,1,fatex_48,1,130,2,6,completed,0,0,1,0.06741,0.06915,60,60,101768,119171,7691520,6,13,45,0,14,3,3,0,0,0.00000,0,0,0,0
spawn,1,fatex_49,1,109,3,2,completed,0,0,1,0.02767,0.02888,30,30,43996,65677,1548160,2,5,22,0,8,2,0,0,0,0.00000,0,0,0,0
spawn,1,fatex_50,0,,,45,budget_exceeded,0,0,0,,1.00206,255,255,633013,1460582,180171264,45,54,92,0,46,6,49,2,4,0.40180,0,0,0,0
spawn,1,fatex_51,1,111,11,1,completed,0,0,1,0.05587,0.05730,59,59,136001,71508,6514560,1,15,53,0,10,1,0,0,0,0.00000,0,0,0,0
spawn,1,fatex_52,1,94,2,1,completed,0,0,1,0.04304,0.04375,35,35,68050,94965,2724992,1,5,33,0,12,3,0,0,0,0.00000,0,0,0,0
spawn,1,fatex_53,0,,,64,budget_exceeded,1,0,0,,1.00117,465,465,524790,1052039,226116608,64,159,125,0,77,1,80,1,1,0.02971,0,0,1,1
spawn,1,fatex_54,1,87,1,1,completed,0,0,1,0.02552,0.02595,20,20,56592,55733,866560,1,4,17,0,7,1,0,0,0,0.00000,0,0,0,0
spawn,1,fatex_55,1,368,4,2,completed,0,0,1,0.12388,0.12726,80,80,116800,243599,15248512,2,44,53,0,12,1,1,0,0,0.00000,0,0,0,0
spawn,1,fatex_56,0,,,2,completed,8,1,0,,0.23458,56,73,115688,541099,23883136,2,10,47,0,15,2,0,0,0,0.00000,0,0,0,0
spawn,1,fatex_57,1,125,2,32,completed,8,0,1,0.19935,0.20082,161,161,100352,304066,36295936,32,20,44,0,72,26,12,0,0,0.00000,0,0,0,0
spawn,1,fatex_58,1,388,14,27,completed,2,0,1,0.58929,0.62108,278,286,277219,640858,143868288,27,125,78,0,42,11,30,0,0,0.00000,0,0,0,0
spawn,1,fatex_59,1,216,10,2,completed,0,0,1,0.06544,0.06703,57,57,90075,135424,5893632,2,16,52,0,13,1,1,0,0,0.00000,0,0,0,0
spawn,1,fatex_61,1,613,10,58,completed,3,0,1,0.81943,0.83137,377,384,471772,841072,189221376,58,110,108,0,70,6,75,0,0,0.00000,0,0,1,1
spawn,1,fatex_62,0,,,72,budget_exceeded,0,0,0,,1.00136,513,513,557734,1039388,225801984,73,140,150,0,100,8,89,0,0,0.00000,0,0,1,1
spawn,1,fatex_64,0,,,128,budget_exceeded,0,0,0,,1.00090,525,525,508670,933306,238700160,128,119,160,0,75,1,140,0,0,0.00000,0,0,1,1
spawn,1,fatex_65,0,,,5,budget_exceeded,169,1,0,,1.00014,44,608,404742,1010096,235947264,5,4,29,0,15,0,3,0,0,0.00000,0,0,0,1
spawn,1,fatex_66,0,,,5,budget_exceeded,1,1,0,,1.00340,71,248,537562,2115070,119971712,5,19,40,0,13,9,2,0,0,0.00000,0,0,0,1
spawn,1,fatex_67,1,315,9,1,completed,0,0,1,0.10824,0.11047,62,62,108703,239056,10112256,1,29,34,0,11,1,1,0,0,0.00000,0,0,0,0
spawn,1,fatex_68,1,454,12,7,completed,0,0,1,0.20332,0.20788,92,92,124814,372767,30724096,7,16,53,0,25,2,12,0,0,0.00000,0,0,0,0
spawn,1,fatex_69,1,951,19,67,completed,1,0,1,0.79570,0.80520,446,453,481425,701543,193347328,67,124,169,0,66,4,87,0,0,0.00000,0,0,1,1
spawn,1,fatex_70,1,26,1,1,completed,0,0,1,0.00670,0.00688,11,11,13598,15840,194560,1,2,7,0,3,0,1,0,0,0.00000,0,0,0,0
spawn,1,fatex_71,0,,,16,budget_exceeded,1,1,0,,1.00303,109,124,790705,2025382,116152448,16,26,46,0,23,0,23,0,0,0.00000,0,0,0,0
spawn,1,fatex_72,0,,,11,budget_exceeded,0,0,0,,1.00041,82,82,793757,1933183,124282496,11,8,34,0,25,3,15,3,8,0.81712,0,0,0,0
spawn,1,fatex_73,0,,,66,budget_exceeded,1,0,0,,1.04243,442,442,512379,1407236,205952384,66,124,109,0,94,0,85,0,0,0.00000,0,0,1,1
spawn,1,fatex_74,0,,,34,budget_exceeded,6,1,0,,1.00590,177,323,831107,1288036,188892032,34,28,98,0,29,1,42,2,4,0.12173,0,0,0,1
spawn,1,fatex_76,1,255,6,2,completed,0,0,1,0.11150,0.11433,88,88,140651,188928,14906112,2,30,107,0,20,1,1,0,0,0.00000,0,0,0,0
spawn,1,fatex_78,0,,,7,completed,7,1,0,,0.31367,105,158,207577,481766,53468800,7,17,84,0,21,6,1,0,0,0.00000,0,0,0,0
spawn,1,fatex_79,0,,,6,budget_exceeded,161,1,0,,1.00091,93,465,292606,637270,279111040,6,14,90,0,19,3,4,0,0,0.00000,0,0,0,0
spawn,1,fatex_80,0,,,52,budget_exceeded,0,0,0,,1.00072,192,192,574784,1877741,140887168,53,16,44,0,35,1,62,3,6,0.58917,0,0,0,0
spawn,1,fatex_82,0,,,21,completed,26,1,0,,0.81893,155,410,520570,961580,170287488,21,12,119,0,21,3,23,1,1,0.01404,0,0,0,1
spawn,1,fatex_83,1,411,7,2,completed,0,0,1,0.12366,0.13494,106,106,175858,222086,17192704,2,31,87,0,21,2,0,0,0,0.00000,0,0,0,0
spawn,1,fatex_84,1,134,1,1,completed,1,0,1,0.06041,0.06446,40,44,76758,140066,5175680,1,15,27,0,12,1,0,0,0,0.00000,0,0,0,0
spawn,1,fatex_85,0,,,3,budget_exceeded,7,1,0,,1.00123,17,219,456894,1817048,153032832,3,0,11,0,8,0,0,2,5,0.39186,0,0,0,0
spawn,1,fatex_86,0,,,45,budget_exceeded,2,1,0,,1.00180,187,266,580285,1631154,165656192,45,25,51,0,27,7,57,2,4,0.29454,0,0,0,1
spawn,1,fatex_87,0,,,0,budget_exceeded,1,1,0,,1.00250,155,183,261752,2111782,133771136,0,124,44,0,6,0,0,0,0,0.00000,0,0,0,1
spawn,1,fatex_88,0,,,45,budget_exceeded,0,0,0,,1.00275,237,237,515749,1513172,181020160,45,44,59,0,44,5,57,4,3,0.41578,0,0,0,0
spawn,1,fatex_89,1,537,3,3,completed,0,0,1,0.10551,0.10778,62,62,147826,210144,10086016,3,12,50,0,14,1,2,0,0,0.00000,0,0,0,0
spawn,1,fatex_90,0,,,9,budget_exceeded,0,0,0,,1.00105,86,86,887230,2443249,68830464,9,37,22,0,6,19,0,5,10,0.55973,0,0,1,1
spawn,1,fatex_91,1,1927,84,52,completed,1,0,1,0.75389,0.75880,283,289,507041,1085825,137064832,52,38,83,0,70,2,73,1,2,0.12195,0,0,1,1
spawn,1,fatex_92,0,,,4,completed,19,1,0,,0.46283,83,125,382688,1066646,39497472,4,18,74,0,26,2,1,0,0,0.00000,0,0,0,0
spawn,1,fatex_93,0,,,42,completed,14,1,0,,0.86473,194,270,326244,1534627,139055616,42,25,68,0,25,11,59,0,0,0.00000,0,0,0,1
spawn,1,fatex_94,0,,,2,completed,11,1,0,,0.10543,31,57,99866,237421,8919168,2,3,42,0,11,0,0,0,0,0.00000,0,0,0,0
spawn,1,fatex_95,0,,,28,budget_exceeded,0,0,0,,1.00114,285,285,602630,1672861,160130816,28,79,69,0,40,5,99,3,3,0.23231,0,0,1,1
spawn,1,fatex_96,0,,,12,completed,11,1,0,,0.30774,67,119,156997,532928,48763264,12,15,27,0,13,4,10,0,0,0.00000,0,0,0,0
spawn,1,fatex_97,0,,,25,completed,17,1,0,,0.68485,147,249,284986,886675,141673728,25,32,79,0,17,5,37,0,0,0.00000,0,0,0,1
spawn,1,fatex_98,0,,,17,completed,43,1,0,,0.77876,176,342,260355,1341517,130958464,17,51,114,0,17,6,19,0,0,0.00000,0,0,0,1
spawn,1,fatex_100,0,,,38,budget_exceeded,4,1,0,,1.10351,219,489,398952,1485105,225652736,38,27,58,0,20,7,97,0,0,0.00000,0,0,0,1
spawnfacts,1,fatex_1,1,219,4,1,completed,0,0,1,0.05457,0.05640,26,26,54418,146828,2740224,1,3,25,0,13,0,2,0,0,0.00000,0,0,0,0
spawnfacts,1,fatex_3,1,239,5,1,completed,0,0,1,0.06470,0.06625,45,45,68726,153244,4900992,1,17,36,0,10,2,0,0,0,0.00000,0,0,0,0
spawnfacts,1,fatex_4,1,507,8,1,completed,1,0,1,0.11325,0.11995,75,78,129547,222009,14159360,1,40,56,0,11,1,0,0,0,0.00000,0,0,0,0
spawnfacts,1,fatex_5,1,143,1,2,completed,0,0,1,0.10908,0.11121,63,63,96629,229129,11975168,2,30,30,0,14,2,0,0,0,0.00000,0,0,0,0
spawnfacts,1,fatex_6,1,112,2,5,completed,0,0,1,0.06814,0.07060,66,66,94136,126039,7903488,5,19,53,0,9,2,3,0,0,0.00000,0,0,0,0
spawnfacts,1,fatex_7,1,35,1,1,completed,0,0,1,0.02841,0.02884,46,46,62609,47732,2395264,1,5,43,0,15,0,1,0,0,0.00000,0,0,0,0
spawnfacts,1,fatex_8,1,218,9,2,completed,0,0,1,0.03450,0.03617,37,37,51606,78488,2489088,2,14,22,0,8,1,1,0,0,0.00000,0,0,0,0
spawnfacts,1,fatex_9,1,130,2,1,completed,0,0,1,0.04066,0.04126,39,39,63828,87033,2839680,1,9,31,0,12,1,0,0,0,0.00000,0,0,0,0
spawnfacts,1,fatex_10,1,1518,79,1,completed,0,0,1,0.50847,0.51103,163,163,327383,851342,81006080,1,110,45,0,15,1,0,3,3,0.09457,13,8,0,0
spawnfacts,1,fatex_11,1,501,28,2,completed,0,0,1,0.17247,0.17566,48,48,195888,384022,14538368,2,21,48,0,8,1,1,0,0,0.00000,0,0,0,0
spawnfacts,1,fatex_12,1,837,63,1,completed,0,0,1,0.35742,0.36135,136,136,289849,662542,48307456,1,77,62,0,15,1,1,2,4,0.08062,6,6,0,0
spawnfacts,1,fatex_14,1,141,5,3,completed,0,0,1,0.03448,0.03589,31,31,47755,81865,2243328,3,4,17,0,11,3,1,0,0,0.00000,0,0,0,0
spawnfacts,1,fatex_16,1,483,21,6,completed,0,0,1,0.46573,0.47130,102,102,406569,1071848,40809600,6,17,95,0,19,1,3,4,5,0.25371,0,9,0,0
spawnfacts,1,fatex_17,1,1135,36,4,completed,0,0,1,0.57147,0.57571,83,83,373979,1278123,59098496,4,27,49,0,18,1,8,2,3,0.30697,0,7,0,0
spawnfacts,1,fatex_18,0,,,0,budget_exceeded,0,0,0,,1.00691,238,238,633122,1778758,150079488,0,177,74,0,21,0,1,3,5,0.39493,5,3,1,1
spawnfacts,1,fatex_19,0,,,42,budget_exceeded,2,0,0,,1.01897,307,307,420905,1804637,162409600,42,111,69,0,49,1,56,1,1,0.04742,4,6,1,1
spawnfacts,1,fatex_20,1,559,5,9,completed,0,0,1,0.20357,0.21499,95,95,142562,382979,31354496,9,37,53,0,16,1,7,0,0,0.00000,0,0,0,0
spawnfacts,1,fatex_21,1,54,1,2,completed,0,0,1,0.03257,0.03358,49,49,64653,55828,3178880,2,4,48,0,16,0,2,0,0,0.00000,0,0,0,0
spawnfacts,1,fatex_22,1,94,2,1,completed,0,0,1,0.03200,0.03333,27,27,46784,78141,1749760,1,8,15,0,12,1,0,0,0,0.00000,0,0,0,0
spawnfacts,1,fatex_24,1,1064,39,1,completed,1,0,1,0.40451,0.42371,183,188,205551,615167,79530368,1,147,44,0,7,1,0,0,0,0.00000,13,0,0,0
spawnfacts,1,fatex_25,0,,,1,budget_exceeded,0,0,0,,1.00029,257,257,546391,1459435,183983744,1,164,60,0,30,0,2,2,2,0.40153,19,23,1,1
spawnfacts,1,fatex_26,1,789,11,12,completed,1,0,1,0.43320,0.45251,189,189,224844,594851,90883712,12,103,55,0,29,1,14,0,0,0.00000,0,0,0,0
spawnfacts,1,fatex_27,1,266,10,2,completed,0,0,1,0.13300,0.13543,85,85,125559,240952,17994240,2,43,56,0,14,1,1,0,0,0.00000,0,0,0,0
spawnfacts,1,fatex_28,0,,,35,budget_exceeded,1,0,0,,1.00302,192,192,718161,1964254,125889152,35,55,67,0,28,6,45,2,6,0.19638,0,3,1,1
spawnfacts,1,fatex_29,1,79,2,1,completed,0,0,1,0.04079,0.04212,52,52,84614,67087,4103040,1,10,61,0,15,1,0,0,0,0.00000,0,0,0,0
spawnfacts,1,fatex_30,1,98,1,1,completed,0,0,1,0.02743,0.02845,22,22,39892,70547,1111552,1,6,19,0,9,0,1,0,0,0.00000,0,0,0,0
spawnfacts,1,fatex_31,0,,,18,budget_exceeded,1,0,0,,1.04626,304,304,483155,1661413,183366528,18,146,107,0,39,1,21,1,1,0.29076,3,14,1,1
spawnfacts,1,fatex_32,0,,,12,budget_exceeded,4,1,0,,1.00080,119,268,716044,1742624,147365120,12,26,78,0,36,1,12,0,0,0.00000,0,0,0,1
spawnfacts,1,fatex_33,1,235,7,3,completed,0,0,1,0.14446,0.14757,89,89,113771,265994,20414080,3,49,52,0,16,1,2,0,0,0.00000,0,0,0,0
spawnfacts,1,fatex_34,0,,,8,budget_exceeded,4,1,0,,1.00075,124,355,395660,1507649,186861184,8,64,53,0,12,6,3,0,0,0.00000,0,0,0,1
spawnfacts,1,fatex_35,1,6,1,1,completed,0,0,1,0.00083,0.00088,7,7,3838,1008,22912,1,1,2,0,2,0,1,0,0,0.00000,0,0,0,0
spawnfacts,1,fatex_36,1,262,5,1,completed,0,0,1,0.11825,0.12058,70,70,112257,240081,13443584,1,36,38,0,13,1,0,0,0,0.00000,0,0,0,0
spawnfacts,1,fatex_37,0,,,0,budget_exceeded,0,0,0,,1.00056,97,97,549991,2147925,115049216,0,58,42,0,8,0,0,3,6,0.75551,5,14,0,0
spawnfacts,1,fatex_38,1,106,2,1,completed,0,0,1,0.08972,0.09171,66,66,72275,187453,10394752,1,39,27,0,18,1,0,0,0,0.00000,0,0,0,0
spawnfacts,1,fatex_39,1,113,1,1,completed,0,0,1,0.05983,0.06062,50,50,106297,113458,4990592,1,14,36,0,16,1,0,0,0,0.00000,0,0,0,0
spawnfacts,1,fatex_40,1,133,4,4,completed,0,0,1,0.06676,0.06930,70,70,105035,110705,8427904,4,29,45,0,15,1,2,0,0,0.00000,0,0,0,0
spawnfacts,1,fatex_41,0,,,64,budget_exceeded,1,1,0,,1.00086,249,309,511293,1328295,199056000,64,46,28,0,37,5,85,0,0,0.00000,0,0,0,1
spawnfacts,1,fatex_42,1,1855,104,48,completed,1,0,1,0.49785,0.52044,219,226,248143,643303,109134720,48,30,38,0,42,3,70,0,0,0.00000,0,0,0,0
spawnfacts,1,fatex_43,0,,,2,budget_exceeded,2,1,0,,1.00143,34,868,378772,325278,306187520,2,5,32,0,8,0,0,1,1,0.02320,0,1,0,0
spawnfacts,1,fatex_44,0,,,3,budget_exceeded,0,0,0,,1.00090,186,186,461275,1348023,199599488,3,141,27,0,9,1,2,1,1,0.52658,7,21,0,0
spawnfacts,1,fatex_45,1,138,4,3,completed,1,0,1,0.53004,0.54927,121,127,431517,1065231,68067712,3,50,92,0,20,1,1,2,4,0.27563,6,12,0,0
spawnfacts,1,fatex_46,1,59,1,1,completed,0,0,1,0.02227,0.02272,29,29,62304,35094,1491072,1,7,28,0,5,1,0,0,0,0.00000,0,0,0,0
spawnfacts,1,fatex_47,0,,,3,budget_exceeded,0,0,0,,1.00109,435,435,541490,1210781,209380096,3,279,188,0,45,2,5,1,1,0.04691,34,1,1,1
spawnfacts,1,fatex_48,1,221,10,1,completed,0,0,1,0.05859,0.06021,43,43,79403,124151,5117184,1,18,24,0,12,1,0,0,0,0.00000,0,0,0,0
spawnfacts,1,fatex_49,1,232,5,1,completed,0,0,1,0.03130,0.03185,28,28,59027,69486,1473536,1,3,27,0,12,1,0,0,0,0.00000,0,0,0,0
spawnfacts,1,fatex_50,0,,,47,budget_exceeded,0,0,0,,1.00129,476,476,460233,1273694,207222272,48,212,146,0,67,1,70,0,0,0.00000,0,0,1,1
spawnfacts,1,fatex_51,1,99,3,2,completed,0,0,1,0.05302,0.05468,62,62,99635,83691,6177664,2,13,53,0,18,1,1,0,0,0.00000,0,0,0,0
spawnfacts,1,fatex_52,1,97,1,4,completed,0,0,1,0.06191,0.06368,59,59,106624,109909,6420864,4,10,65,0,15,2,2,0,0,0.00000,0,0,0,0
spawnfacts,1,fatex_53,1,771,58,12,completed,1,0,1,0.40017,0.42627,198,205,271702,520744,86579968,12,92,84,0,33,1,21,0,0,0.00000,0,0,0,0
spawnfacts,1,fatex_54,1,100,12,1,completed,0,0,1,0.03385,0.03490,35,35,63208,70063,2298624,1,11,29,0,7,1,0,0,0,0.00000,0,0,0,0
spawnfacts,1,fatex_55,1,364,3,2,completed,0,0,1,0.11583,0.11934,47,47,160684,248842,9702016,2,18,47,0,13,1,1,0,0,0.00000,0,0,0,0
spawnfacts,1,fatex_56,0,,,26,budget_exceeded,0,0,0,,1.00373,354,354,347436,1574945,183607552,26,198,78,0,48,3,39,0,0,0.00000,10,0,1,1
spawnfacts,1,fatex_57,1,289,8,1,completed,0,0,1,0.16531,0.16667,119,119,102055,306508,23773184,1,75,46,0,15,1,0,0,0,0.00000,0,0,0,0
spawnfacts,1,fatex_58,1,435,9,20,completed,0,0,1,0.40026,0.40910,179,179,208200,535387,82157184,20,52,62,0,45,2,23,0,0,0.00000,0,0,0,0
spawnfacts,1,fatex_59,1,197,11,1,completed,0,0,1,0.07184,0.07361,68,68,98362,137825,7588224,1,14,70,0,21,0,1,0,0,0.00000,0,0,0,0
spawnfacts,1,fatex_61,1,984,13,11,completed,0,0,1,0.64920,0.65871,220,220,441859,979395,115220736,11,109,67,0,32,3,11,2,2,0.21168,10,4,0,0
spawnfacts,1,fatex_62,0,,,54,budget_exceeded,0,0,0,,1.00014,441,441,677748,1179704,205334272,54,104,124,0,81,10,98,2,3,0.18848,0,3,1,1
spawnfacts,1,fatex_64,1,783,38,9,completed,3,0,1,0.40326,0.47098,187,202,278189,580909,96206720,9,75,69,0,36,1,16,0,0,0.00000,7,0,0,0
spawnfacts,1,fatex_65,0,,,0,budget_exceeded,0,0,0,,1.00041,47,47,943541,1857856,124327040,0,9,40,0,14,0,0,2,7,0.88547,5,26,0,0
spawnfacts,1,fatex_66,1,1632,40,53,budget_exceeded,0,0,1,0.99959,1.00101,317,317,632498,1556354,170242432,53,77,79,0,47,9,68,3,6,0.20993,10,11,1,1
spawnfacts,1,fatex_67,1,285,12,6,completed,2,0,1,0.68494,0.71083,78,89,461152,1204536,110358272,6,16,47,0,23,3,2,1,2,0.50336,0,15,0,0
spawnfacts,1,fatex_68,1,757,12,1,completed,1,0,1,0.62405,0.62950,286,289,428290,807587,122648960,1,167,104,0,36,2,2,0,0,0.00000,16,0,1,1
spawnfacts,1,fatex_69,1,347,8,1,completed,0,0,1,0.13178,0.13537,108,108,163153,193287,20861056,1,44,84,0,17,1,0,0,0,0.00000,4,0,0,0
spawnfacts,1,fatex_70,1,116,1,1,completed,0,0,1,0.03668,0.03773,39,39,57573,79630,2633856,1,8,34,0,11,1,0,0,0,0.00000,0,0,0,0
spawnfacts,1,fatex_71,0,,,1,budget_exceeded,0,0,0,,1.00011,65,65,918737,1861908,125052800,1,13,41,0,21,0,0,4,7,0.79232,4,23,0,0
spawnfacts,1,fatex_72,0,,,0,budget_exceeded,0,0,0,,1.00114,96,96,726650,1650179,156201344,0,28,53,0,28,0,0,5,5,0.80758,3,31,0,0
spawnfacts,1,fatex_73,0,,,16,budget_exceeded,0,0,0,,1.00030,134,134,814042,1697295,146817792,16,40,62,0,27,0,18,2,6,0.66156,6,31,0,0
spawnfacts,1,fatex_74,0,,,0,budget_exceeded,0,0,0,,1.00155,50,50,778387,1829485,135829760,0,7,59,0,24,0,0,2,6,0.90299,0,42,0,0
spawnfacts,1,fatex_76,1,488,28,5,completed,0,0,1,0.12123,0.12501,70,70,126324,238226,14509184,5,26,33,0,20,2,5,0,0,0.00000,0,0,0,0
spawnfacts,1,fatex_78,0,,,5,budget_exceeded,0,0,0,,1.00222,59,59,728458,1520106,169503616,5,7,53,0,14,0,6,4,4,0.89819,0,29,0,0
spawnfacts,1,fatex_79,0,,,5,completed,10,1,0,,0.28501,60,100,362868,478493,35796736,5,14,43,0,19,1,2,1,3,0.11929,1,10,0,0
spawnfacts,1,fatex_80,0,,,0,budget_exceeded,0,0,0,,1.00160,140,140,508146,1528428,179462528,0,82,46,0,22,0,0,2,2,0.67839,11,18,0,0
spawnfacts,1,fatex_82,0,,,23,completed,15,1,0,,0.47926,145,209,246349,631426,95703680,23,16,84,0,28,5,22,0,0,0.00000,0,0,0,0
spawnfacts,1,fatex_83,1,391,9,2,completed,0,0,1,0.15850,0.16100,132,132,174790,225794,26179968,2,52,83,0,24,1,2,0,0,0.00000,0,0,0,0
spawnfacts,1,fatex_84,1,131,1,2,completed,0,0,1,0.06395,0.06549,68,68,92664,116300,7126400,2,27,58,0,13,2,0,0,0,0.00000,0,0,0,0
spawnfacts,1,fatex_85,0,,,2,completed,8,1,0,,0.46423,22,36,263941,1271038,25496832,2,1,11,0,13,0,0,3,3,0.26093,0,5,0,0
spawnfacts,1,fatex_86,0,,,0,budget_exceeded,0,0,0,,1.00086,44,44,680300,2293565,94077312,0,9,32,0,16,1,0,4,6,0.79966,0,15,0,0
spawnfacts,1,fatex_87,0,,,0,budget_exceeded,0,0,0,,1.10416,16,16,1103925,2897925,49353472,0,0,13,0,4,0,0,6,8,0.91157,0,12,0,0
spawnfacts,1,fatex_88,0,,,1,budget_exceeded,0,0,0,,1.00123,101,101,957446,2198181,89890944,1,61,36,0,15,0,0,5,7,0.72200,3,14,0,0
spawnfacts,1,fatex_89,1,832,29,8,completed,0,0,1,0.37194,0.37844,154,154,208461,617042,63028352,8,86,51,0,15,3,12,1,1,0.02174,0,1,0,0
spawnfacts,1,fatex_90,0,,,4,budget_exceeded,0,0,0,,1.07781,33,33,596392,3367590,18354304,4,3,14,0,6,6,0,3,4,0.29774,0,5,0,0
spawnfacts,1,fatex_91,1,2477,129,1,completed,0,0,1,0.92236,0.92993,220,220,668633,1589619,139725440,1,146,50,0,24,1,0,3,4,0.47925,10,21,0,0
spawnfacts,1,fatex_92,0,,,4,completed,14,1,0,,0.69644,100,131,494878,1473420,76642944,4,34,49,0,24,1,3,2,2,0.12950,3,5,0,0
spawnfacts,1,fatex_93,0,,,44,budget_exceeded,0,0,0,,1.00127,264,264,680736,1715544,152004992,44,30,77,0,53,5,83,3,9,0.39958,0,13,0,0
spawnfacts,1,fatex_94,0,,,1,budget_exceeded,294,1,0,,1.00173,30,621,279764,423532,301420672,1,3,51,0,7,0,0,0,0,0.00000,0,0,0,0
spawnfacts,1,fatex_95,1,1403,49,33,completed,1,0,1,0.93632,0.94433,203,208,710951,1713009,130412672,33,38,41,0,38,7,54,2,4,0.26987,1,6,1,1
spawnfacts,1,fatex_96,0,,,0,budget_exceeded,0,0,0,,1.00167,60,60,819564,2133583,103404288,0,35,19,0,13,0,0,2,6,0.77103,3,30,0,0
spawnfacts,1,fatex_97,0,,,6,budget_exceeded,0,0,0,,1.00393,92,92,530823,2368494,95157504,6,42,64,0,12,4,2,1,3,0.54619,0,12,1,1
spawnfacts,1,fatex_98,0,,,9,completed,13,1,0,,0.96893,111,188,601172,1589128,157076736,9,26,75,0,17,6,7,2,4,0.42137,3,11,0,0
spawnfacts,1,fatex_100,0,,,6,budget_exceeded,10,1,0,,1.00110,39,60,902975,2681364,44250368,6,2,40,0,6,2,2,2,5,0.57053,0,11,0,0
snippetfacts,1,fatex_1,1,208,3,1,completed,0,0,1,0.07095,0.07175,67,67,73665,144573,7482880,1,18,37,0,13,2,13,0,0,0.00000,0,0,0,0
snippetfacts,1,fatex_3,1,263,3,1,completed,0,0,1,0.15783,0.16080,66,66,131002,359162,14962560,1,30,30,0,16,1,0,0,0,0.00000,0,0,0,0
snippetfacts,1,fatex_4,1,375,1,2,completed,0,0,1,0.09233,0.09426,95,95,112033,164187,11645312,2,22,84,0,22,1,1,0,0,0.00000,0,0,0,0
snippetfacts,1,fatex_5,1,197,2,1,completed,0,0,1,0.06332,0.06478,56,56,61314,145527,5518464,1,28,34,0,9,1,0,0,0,0.00000,0,0,0,0
snippetfacts,1,fatex_6,1,308,4,2,completed,0,0,1,0.10547,0.10829,60,60,130474,213695,10782976,2,22,41,0,12,1,1,0,0,0.00000,0,0,0,0
snippetfacts,1,fatex_7,1,288,8,2,completed,0,0,1,0.07319,0.07474,70,70,77006,150426,7800704,2,23,62,0,9,1,1,0,0,0.00000,0,0,0,0
snippetfacts,1,fatex_8,1,236,2,1,completed,0,0,1,0.04487,0.04680,46,46,66879,99171,3452672,1,14,33,0,11,1,0,0,0,0.00000,0,0,0,0
snippetfacts,1,fatex_9,1,147,3,4,completed,0,0,1,0.03814,0.03964,35,35,52490,86988,2833664,4,7,29,0,9,1,3,0,0,0.00000,0,0,0,0
snippetfacts,1,fatex_10,1,1119,49,38,completed,2,0,1,0.75797,0.76915,344,354,386433,839707,171403648,38,173,88,0,36,1,50,0,0,0.00000,4,0,1,1
snippetfacts,1,fatex_11,1,573,36,7,completed,0,0,1,0.25637,0.26008,120,120,158349,460576,38911488,7,69,39,0,17,1,6,0,0,0.00000,0,0,0,0
snippetfacts,1,fatex_12,1,727,68,52,completed,0,0,1,0.64350,0.65171,288,288,298323,650710,152767488,52,73,106,0,45,4,59,0,0,0.00000,0,0,0,0
snippetfacts,1,fatex_14,1,132,3,1,completed,0,0,1,0.02448,0.02486,27,27,45550,52270,1374464,1,4,22,0,12,1,0,0,0,0.00000,0,0,0,0
snippetfacts,1,fatex_16,1,375,15,3,completed,0,0,1,0.18545,0.19075,138,138,163522,271218,32828032,3,75,58,0,17,1,1,0,0,0.00000,6,0,0,0
snippetfacts,1,fatex_17,0,,,4,budget_exceeded,2,0,0,,1.00479,369,369,341798,1571109,184652032,4,128,211,0,54,1,18,0,0,0.00000,16,0,1,1
snippetfacts,1,fatex_18,0,,,28,budget_exceeded,0,0,0,,1.00034,501,501,429416,1124994,223294208,28,238,117,0,83,4,44,0,0,0.00000,0,0,1,1
snippetfacts,1,fatex_19,1,1757,172,2,completed,1,0,1,0.50922,0.55353,235,245,255253,684752,116452096,2,146,66,0,14,1,1,0,0,0.00000,24,0,0,0
snippetfacts,1,fatex_20,1,1346,24,45,completed,1,0,1,0.96797,0.99254,427,433,409587,1368493,197149184,45,142,61,0,105,6,84,0,0,0.00000,0,0,1,1
snippetfacts,1,fatex_21,1,274,4,2,completed,0,0,1,0.11607,0.11954,74,74,147135,209034,14431744,2,14,112,0,22,1,1,0,0,0.00000,0,0,0,0
snippetfacts,1,fatex_22,1,80,4,1,completed,0,0,1,0.02466,0.02563,32,32,46958,52436,1561088,1,10,21,0,10,1,0,0,0,0.00000,0,0,0,0
snippetfacts,1,fatex_24,1,948,56,2,completed,0,0,1,0.38270,0.38716,178,178,258496,538674,71478528,2,116,47,0,15,1,1,0,0,0.00000,17,0,0,0
snippetfacts,1,fatex_25,0,,,78,budget_exceeded,0,0,0,,1.00002,480,480,441998,1103921,224658688,78,163,103,0,66,3,86,0,0,0.00000,0,0,1,1
snippetfacts,1,fatex_26,1,535,15,1,completed,0,0,1,0.25009,0.25331,165,165,197647,337957,46789632,1,94,70,0,17,1,0,0,0,0.00000,7,0,0,0
snippetfacts,1,fatex_27,1,237,3,4,completed,0,0,1,0.20070,0.20530,124,124,160626,320155,33276288,4,53,86,0,21,1,4,0,0,0.00000,0,0,0,0
snippetfacts,1,fatex_28,0,,,47,budget_exceeded,2,0,0,,1.06705,360,360,411224,1973201,163208704,47,113,106,0,73,2,65,0,0,0.00000,0,0,1,1
snippetfacts,1,fatex_29,1,71,2,1,completed,0,0,1,0.03065,0.03173,66,66,73465,40495,3609856,1,14,56,0,16,1,0,0,0,0.00000,0,0,0,0
snippetfacts,1,fatex_30,1,107,1,1,completed,0,0,1,0.02965,0.03064,35,35,39095,70492,1937920,1,12,22,0,8,0,1,0,0,0.00000,0,0,0,0
snippetfacts,1,fatex_31,0,,,14,budget_exceeded,1,0,0,,1.02180,416,416,374833,1670748,179111936,14,266,101,0,32,1,18,0,0,0.00000,0,0,1,1
snippetfacts,1,fatex_32,1,776,21,14,completed,0,0,1,0.54259,0.55569,242,242,294548,598820,123852160,14,121,62,0,44,1,18,0,0,0.00000,0,0,0,0
snippetfacts,1,fatex_33,0,,,1,budget_exceeded,5,0,0,,1.03414,46,46,74411,3577913,7823104,1,0,44,0,9,1,0,0,0,0.00000,0,0,0,0
snippetfacts,1,fatex_34,1,670,37,63,completed,1,0,1,0.74517,0.75593,315,320,350917,1165019,135927680,63,65,60,0,54,11,80,0,0,0.00000,0,0,1,1
snippetfacts,1,fatex_35,1,6,1,1,completed,0,0,1,0.00108,0.00115,6,6,6016,868,24448,1,0,2,0,3,0,1,0,0,0.00000,0,0,0,0
snippetfacts,1,fatex_36,1,231,7,3,completed,0,0,1,0.09856,0.10065,79,79,136165,170422,12094336,3,19,75,0,22,1,1,0,0,0.00000,0,0,0,0
snippetfacts,1,fatex_37,0,,,5,budget_exceeded,2,0,0,,1.10202,214,214,398142,2770665,96606720,5,89,98,0,26,2,8,0,0,0.00000,4,0,1,1
snippetfacts,1,fatex_38,1,153,8,4,completed,0,0,1,0.08431,0.08719,68,68,101811,167421,9306624,4,33,41,0,13,1,2,0,0,0.00000,0,0,0,0
snippetfacts,1,fatex_39,1,200,3,6,completed,0,0,1,0.23910,0.24291,133,133,220908,343680,41341568,6,41,87,0,33,3,5,0,0,0.00000,0,0,0,0
snippetfacts,1,fatex_40,1,162,5,3,completed,0,0,1,0.10584,0.10913,118,118,152984,143056,17019776,3,29,128,0,23,1,1,0,0,0.00000,0,0,0,0
snippetfacts,1,fatex_41,0,,,70,budget_exceeded,0,0,0,,1.00024,419,419,469831,1326042,201132544,71,165,122,0,47,3,82,0,0,0.00000,0,0,1,1
snippetfacts,1,fatex_42,1,1550,92,1,completed,0,0,1,0.40314,0.41278,184,184,200812,648097,72571264,1,132,38,0,14,1,0,0,0,0.00000,20,0,0,0
snippetfacts,1,fatex_43,0,,,5,completed,28,1,0,,0.25132,90,147,172518,397199,41412608,5,18,85,0,25,6,0,0,0,0.00000,2,0,0,0
snippetfacts,1,fatex_44,0,,,30,budget_exceeded,21,1,0,,1.00033,320,456,509845,1286832,203086976,30,146,74,0,41,1,31,0,0,0.00000,16,0,1,1
snippetfacts,1,fatex_45,0,,,100,budget_exceeded,1,1,0,,1.00055,536,536,427543,944653,241496576,100,124,147,0,95,5,132,0,0,0.00000,0,0,1,1
snippetfacts,1,fatex_46,1,59,1,1,completed,0,0,1,0.02102,0.02179,20,20,52937,41296,1005824,1,3,16,0,7,1,0,0,0,0.00000,0,0,0,0
snippetfacts,1,fatex_47,1,1232,61,6,completed,1,0,1,0.56992,0.57237,261,261,331475,716874,116156928,6,151,84,0,29,1,7,0,0,0.00000,17,0,1,1
snippetfacts,1,fatex_48,1,169,3,1,completed,0,0,1,0.05110,0.05176,42,42,60005,112910,4194688,1,18,24,0,12,1,0,0,0,0.00000,0,0,0,0
snippetfacts,1,fatex_49,1,85,1,1,completed,0,0,1,0.03241,0.03369,31,31,54959,68878,2396672,1,10,34,0,10,1,0,0,0,0.00000,0,0,0,0
snippetfacts,1,fatex_50,1,769,24,44,completed,0,0,1,0.49971,0.50444,241,241,301922,525472,112513024,44,48,58,0,51,4,48,0,0,0.00000,0,0,0,0
snippetfacts,1,fatex_51,1,117,6,2,completed,0,0,1,0.05208,0.05403,57,57,103119,85824,5558016,2,11,49,0,14,1,0,0,0,0.00000,0,0,0,0
snippetfacts,1,fatex_52,1,73,1,2,completed,0,0,1,0.04252,0.04392,48,48,81605,79412,3663488,2,5,40,0,19,1,1,0,0,0.00000,0,0,0,0
snippetfacts,1,fatex_53,1,1287,100,29,completed,1,0,1,0.56678,0.57061,255,258,427603,844099,98000384,29,83,105,0,48,1,36,0,0,0.00000,0,0,1,1
snippetfacts,1,fatex_54,1,60,1,1,completed,0,0,1,0.01859,0.01894,21,21,36491,40284,912256,1,7,20,0,3,1,0,0,0,0.00000,0,0,0,0
snippetfacts,1,fatex_55,1,355,5,2,completed,0,0,1,0.12503,0.12990,70,70,124820,280344,12117504,2,23,56,0,18,0,1,0,0,0.00000,0,0,0,0
snippetfacts,1,fatex_56,0,,,30,completed,19,1,0,,0.59971,128,189,287508,814667,118341248,30,31,33,0,15,3,30,0,0,0.00000,0,0,0,1
snippetfacts,1,fatex_57,1,254,4,7,completed,0,0,1,0.11367,0.11582,98,98,135645,180185,16562944,7,17,62,0,30,2,7,0,0,0.00000,0,0,0,0
snippetfacts,1,fatex_58,0,,,22,completed,11,1,0,,0.85300,173,293,502391,1186980,160824448,22,61,57,0,27,14,15,0,0,0.00000,0,0,0,1
snippetfacts,1,fatex_59,1,194,12,5,completed,0,0,1,0.04853,0.05034,51,51,97091,83303,4795392,5,9,40,0,9,1,5,0,0,0.00000,0,0,0,0
snippetfacts,1,fatex_61,0,,,73,budget_exceeded,0,0,0,,1.00145,506,506,560142,988028,230852096,73,135,89,0,89,2,141,0,0,0.00000,0,0,1,1
snippetfacts,1,fatex_62,0,,,48,budget_exceeded,2,1,0,,1.00239,302,478,635938,1125385,213659776,48,80,98,0,52,4,53,0,0,0.00000,0,0,0,1
snippetfacts,1,fatex_64,1,837,93,14,completed,0,0,1,0.51084,0.51559,261,261,249210,529953,118682112,14,139,64,0,31,1,13,0,0,0.00000,27,0,0,0
snippetfacts,1,fatex_65,0,,,39,budget_exceeded,3,1,0,,1.00111,298,480,570429,1103518,218664704,39,95,109,0,47,1,43,0,0,0.00000,1,0,1,1
snippetfacts,1,fatex_66,1,817,30,14,completed,1,0,1,0.59774,0.60143,234,238,241448,784882,124237184,14,105,81,0,42,1,29,0,0,0.00000,0,0,1,1
snippetfacts,1,fatex_67,1,216,11,6,completed,0,0,1,0.09967,0.10303,80,80,89145,198955,12443264,6,28,53,0,16,1,5,0,0,0.00000,0,0,0,0
snippetfacts,1,fatex_68,1,508,12,10,completed,0,0,1,0.23192,0.24004,104,104,244565,399822,33518976,10,35,44,0,27,1,11,0,0,0.00000,0,0,0,0
snippetfacts,1,fatex_69,1,392,12,4,completed,0,0,1,0.12148,0.12512,107,107,157943,191622,17625856,4,36,67,0,19,1,2,0,0,0.00000,0,0,0,0
snippetfacts,1,fatex_70,1,105,1,1,completed,0,0,1,0.03050,0.03099,37,37,54662,63827,1953024,1,5,48,0,14,1,0,0,0,0.00000,0,0,0,0
snippetfacts,1,fatex_71,0,,,2,completed,10,1,0,,0.14870,64,87,127814,301354,16581632,2,16,52,0,19,0,0,0,0,0.00000,0,0,0,0
snippetfacts,1,fatex_72,0,,,39,budget_exceeded,4,1,0,,1.00013,215,466,732298,1002950,220279296,39,40,111,0,34,0,49,0,0,0.00000,5,0,0,1
snippetfacts,1,fatex_73,0,,,10,budget_exceeded,1,0,0,,1.00380,392,392,381457,1435035,195922432,10,234,106,0,44,3,6,0,0,0.00000,17,0,1,1
snippetfacts,1,fatex_74,0,,,14,completed,17,1,0,,0.43851,116,210,257108,539249,89829504,14,12,93,0,25,1,15,0,0,0.00000,0,0,0,0
snippetfacts,1,fatex_76,1,265,8,5,completed,0,0,1,0.13564,0.13999,70,70,168816,260628,15493248,5,20,38,0,17,1,3,0,0,0.00000,0,0,0,0
snippetfacts,1,fatex_78,0,,,2,completed,15,1,0,,0.34188,94,148,243800,503283,59582848,2,20,82,0,25,4,1,0,0,0.00000,0,0,0,0
snippetfacts,1,fatex_79,0,,,9,budget_exceeded,1,1,0,,1.00038,88,555,415723,766598,259834368,9,24,73,0,17,3,0,0,0,0.00000,4,0,0,1
snippetfacts,1,fatex_80,0,,,7,completed,16,1,0,,0.49635,64,255,194048,574482,110115840,7,19,32,0,21,0,6,0,0,0.00000,3,0,0,0
snippetfacts,1,fatex_82,0,,,2,budget_exceeded,1,1,0,,1.00007,129,535,361743,546407,284440704,2,9,140,0,44,0,0,0,0,0.00000,0,0,0,0
snippetfacts,1,fatex_83,1,604,13,37,completed,1,0,1,0.72811,0.73050,367,369,417255,660216,174009216,37,127,162,0,63,1,47,0,0,0.00000,5,0,1,1
snippetfacts,1,fatex_84,1,181,1,2,completed,0,0,1,0.07522,0.07688,67,67,75936,154731,8186752,2,22,41,0,8,5,3,0,0,0.00000,0,0,0,0
snippetfacts,1,fatex_85,0,,,8,completed,31,1,0,,0.57480,115,187,96038,839919,116493184,8,61,45,0,19,1,8,0,0,0.00000,0,0,0,0
snippetfacts,1,fatex_86,0,,,22,completed,21,1,0,,0.89194,310,358,396353,1387901,159940992,22,137,97,0,47,1,41,0,0,0.00000,0,0,1,1
snippetfacts,1,fatex_87,0,,,11,budget_exceeded,88,1,0,,1.00192,99,379,274096,1476784,196445696,11,39,59,0,11,4,6,0,0,0.00000,0,0,0,1
snippetfacts,1,fatex_88,0,,,7,completed,14,1,0,,0.38265,110,142,281529,598497,62733184,7,50,59,0,18,4,1,0,0,0.00000,0,0,0,0
snippetfacts,1,fatex_89,1,717,12,13,completed,0,0,1,0.38721,0.39356,183,183,243742,498887,78480640,13,74,57,0,43,2,11,0,0,0.00000,0,0,0,0
snippetfacts,1,fatex_90,0,,,53,completed,8,1,0,,0.96213,310,321,600358,1484234,165177600,53,60,80,0,28,22,103,0,0,0.00000,0,0,1,1
snippetfacts,1,fatex_91,0,,,1,budget_exceeded,1,1,0,,1.00060,383,437,491079,1241446,208659840,1,231,101,0,34,0,1,0,0,0.00000,34,0,1,1
snippetfacts,1,fatex_92,0,,,2,completed,13,1,0,,0.15533,39,87,112227,321288,17735808,2,3,44,0,13,0,0,0,0,0.00000,1,0,0,0
snippetfacts,1,fatex_93,0,,,3,budget_exceeded,207,1,0,,1.00198,30,453,199037,697291,278167424,3,3,24,0,11,0,0,0,0,0.00000,0,0,0,0
snippetfacts,1,fatex_94,0,,,7,completed,10,1,0,,0.28945,122,180,201275,397197,53593216,7,22,117,0,27,3,1,0,0,0.00000,0,0,0,0
snippetfacts,1,fatex_95,0,,,48,budget_exceeded,2,1,0,,1.00185,208,347,505457,1517335,180796160,48,43,34,0,29,1,64,0,0,0.00000,0,0,0,1
snippetfacts,1,fatex_96,0,,,87,budget_exceeded,3,1,0,,1.00139,368,400,394754,1041656,233736320,87,128,35,0,20,3,105,0,0,0.00000,0,0,1,1
snippetfacts,1,fatex_97,0,,,12,budget_exceeded,2,1,0,,1.00093,92,376,528014,1294610,201613568,12,13,30,0,17,34,4,0,0,0.00000,0,0,0,1
snippetfacts,1,fatex_98,0,,,3,budget_exceeded,1,0,0,,1.09334,106,106,221983,3358350,43545600,3,45,58,0,21,4,2,0,0,0.00000,0,0,1,1
snippetfacts,1,fatex_100,0,,,17,completed,13,1,0,,0.39152,107,139,137308,868301,46132736,17,1,97,0,22,12,5,0,0,0.00000,0,0,0,0
